MethodCode,SampleDate,SampleTime,Full Code,StationCode,Depth (m),Volume Received (mL),Volume Analyzed (mL),Percent of Sample Counted,Field-of-view (mm²),Slide/ Chamber Area (mm²),Area Counted,Number of Fields Counted,Factor,BSA_TIN,Taxon,Diatom/SoftBody,Genus,Species,Synonym,Unit Abundance (# of Natural Units),Total Number of Cells,GALD 1,GALD 2,GALD 3,Colony/Filament/Individual Group Code,BSA#,Taxonomist,Comments,Shape,Biovolume 1,Biovolume 2,Biovolume 3,Biovolume 4,Biovolume 5,Biovolume 6,Biovolume 7,Biovolume 8,Biovolume 9,Biovolume 10,Dimension,Measurement average,Measurement 1,Measurement 2,Measurement 3,Measurement 4,Measurement 5,Measurement 6,Measurement 7,Measurement 8,Measurement 9,Measurement 10,Measurement 11,Measurement 12,Measurement 13,Measurement 14,Measurement 15,Measurement 16,Measurement 17,Measurement 18,Measurement 19,Measurement 20,Measurement 21,Measurement 22,Measurement 23,Measurement 24,Measurement 25
Phyto,11/10/2021,9:20,E1121B2045,D26,3,62,4,6.45%,0.0683,314.159,3.0735,45,25.55,145,Cocconeis placentula,Diatom,Cocconeis,placentula,,1,1,20.4,,,i,BSA.11-01,AB,Moderate sediment.,elliptic prism,323.65,,,,,,,,,,Length,20.4,20.4,,,,,,,,,,,,,,,,,,,,,,,,
,,,,,,,,,,,,,,,,,,,,,,,,,,,,,,,,,,,,,,,,Width,10.1,10.1,,,,,,,,,,,,,,,,,,,,,,,,
,,,,,,,,,,,,,,,,,,,,,,,,,,,,,,,,,,,,,,,,Depth,2.0,2.0,,,,,,,,,,,,,,,,,,,,,,,,
Phyto,11/10/2021,9:20,E1121B2045,D26,3,62,4,6.45%,0.0683,314.159,3.0735,45,25.55,190,Cyclotella sp.,Diatom,Cyclotella,sp.,,2,2,7.4,,,i,BSA.11-01,AB,Moderate sediment.,cylinder,123.40,,,,,,,,,,Length,3.5,4.0,3.0,,,,,,,,,,,,,,,,,,,,,,,
,,,,,,,,,,,,,,,,,,,,,,,,,,,,,,,,,,,,,,,,Width,6.7,7.4,6.0,,,,,,,,,,,,,,,,,,,,,,,
Phyto,11/10/2021,9:20,E1121B2045,D26,3,62,4,6.45%,0.0683,314.159,3.0735,45,25.55,586,Navicula gregaria,Diatom,Navicula,gregaria,,1,1,35.2,,,i,BSA.11-01,AB,Moderate sediment.,elliptic prism,818.32,,,,,,,,,,Length,35.2,35.2,,,,,,,,,,,,,,,,,,,,,,,,
,,,,,,,,,,,,,,,,,,,,,,,,,,,,,,,,,,,,,,,,Width,7.4,7.4,,,,,,,,,,,,,,,,,,,,,,,,
,,,,,,,,,,,,,,,,,,,,,,,,,,,,,,,,,,,,,,,,Depth,4.0,4.0,,,,,,,,,,,,,,,,,,,,,,,,
Phyto,11/10/2021,9:20,E1121B2045,D26,3,62,4,6.45%,0.0683,314.159,3.0735,45,25.55,1119,Lagerheimia genevensis,Soft Body,Lagerheimia,genevensis,,1,1,7,,,i,BSA.11-01,AB,Moderate sediment.,ellipsoid,54.98,,,,,,,,,,Length,7.0,7.0,,,,,,,,,,,,,,,,,,,,,,,,
,,,,,,,,,,,,,,,,,,,,,,,,,,,,,,,,,,,,,,,,Width,5.0,5.0,,,,,,,,,,,,,,,,,,,,,,,,
,,,,,,,,,,,,,,,,,,,,,,,,,,,,,,,,,,,,,,,,Depth,3.0,3.0,,,,,,,,,,,,,,,,,,,,,,,,
Phyto,11/10/2021,9:20,E1121B2045,D26,3,62,4,6.45%,0.0683,314.159,3.0735,45,25.55,1364,Plagioselmis nannoplanctica,Soft Body,Plagioselmis,nannoplanctica,,1,1,11.1,,,i,BSA.11-01,AB,Moderate sediment.,cone + half sphere,551.58,,,,,,,,,,Length,11.1,11.1,,,,,,,,,,,,,,,,,,,,,,,,
,,,,,,,,,,,,,,,,,,,,,,,,,,,,,,,,,,,,,,,,Width,6.0,6.0,,,,,,,,,,,,,,,,,,,,,,,,
Phyto,11/10/2021,9:20,E1121B2045,D26,3,62,4,6.45%,0.0683,314.159,3.0735,45,25.55,1419,Eucapsis microscopica,Soft Body,Eucapsis,microscopica,,395,790,0.8,0.8,0.8,c,BSA.11-01,AB,Moderate sediment.,sphere,0.18,0.18,0.18,0.18,0.18,0.18,0.18,0.18,0.18,0.18,Length,0.8,0.7,0.7,0.7,0.7,0.7,0.7,0.7,0.7,0.7,0.7,0.7,0.7,0.8,0.8,0.8,0.8,0.8,0.8,0.8,0.8,0.8,0.8,0.8,0.8,0.8
Phyto,11/10/2021,12:10,E1121B2047,P8,3,57,7,12.28%,0.0683,314.159,1.9807,29,22.66,190,Cyclotella sp.,Diatom,Cyclotella,sp.,,1,1,8.4,,,i,BSA.11-02,AB,Moderate sediment and low detritus.,cylinder,221.67,,,,,,,,,,Length,4.0,4.0,,,,,,,,,,,,,,,,,,,,,,,,
,,,,,,,,,,,,,,,,,,,,,,,,,,,,,,,,,,,,,,,,Width,8.4,8.4,,,,,,,,,,,,,,,,,,,,,,,,
Phyto,11/10/2021,12:10,E1121B2047,P8,3,57,7,12.28%,0.0683,314.159,1.9807,29,22.66,749,Nitzschia sp.,Diatom,Nitzschia,sp.,,1,1,19.5,,,i,BSA.11-02,AB,Moderate sediment and low detritus.,prism on parallelogram,68.25,,,,,,,,,,Length,19.5,19.5,,,,,,,,,,,,,,,,,,,,,,,,
,,,,,,,,,,,,,,,,,,,,,,,,,,,,,,,,,,,,,,,,Width,3.5,3.5,,,,,,,,,,,,,,,,,,,,,,,,
,,,,,,,,,,,,,,,,,,,,,,,,,,,,,,,,,,,,,,,,Depth,2.0,2.0,,,,,,,,,,,,,,,,,,,,,,,,
Phyto,11/10/2021,12:10,E1121B2047,P8,3,57,7,12.28%,0.0683,314.159,1.9807,29,22.66,1352,Cryptomonas sp.,Soft Body,Cryptomonas,sp.,,1,1,18,,,i,BSA.11-02,AB,Moderate sediment and low detritus.,prolate spheroid,815.15,,,,,,,,,,Length,18.0,18.0,,,,,,,,,,,,,,,,,,,,,,,,
,,,,,,,,,,,,,,,,,,,,,,,,,,,,,,,,,,,,,,,,Width,9.3,9.3,,,,,,,,,,,,,,,,,,,,,,,,
Phyto,11/10/2021,12:10,E1121B2047,P8,3,57,7,12.28%,0.0683,314.159,1.9807,29,22.66,1364,Plagioselmis nannoplanctica,Soft Body,Plagioselmis,nannoplanctica,,11,11,9.5,,,i,BSA.11-02,AB,Moderate sediment and low detritus.,cone + half sphere,247.79,,,,,,,,,,Length,8.5,9.5,9.5,7.4,8.0,8.0,,,,,,,,,,,,,,,,,,,,
,,,,,,,,,,,,,,,,,,,,,,,,,,,,,,,,,,,,,,,,Width,4.6,5.6,5.6,4.0,4.0,4.0,,,,,,,,,,,,,,,,,,,,
Phyto,11/10/2021,12:10,E1121B2047,P8,3,57,7,12.28%,0.0683,314.159,1.9807,29,22.66,1733,Plagioselmis prolonga,Soft Body,Plagioselmis,prolonga,,11,11,6,,,i,BSA.11-02,AB,Moderate sediment and low detritus.,cone + half sphere,83.67,,,,,,,,,,Length,5.8,6.0,6.0,6.0,5.6,5.6,,,,,,,,,,,,,,,,,,,,
,,,,,,,,,,,,,,,,,,,,,,,,,,,,,,,,,,,,,,,,Width,3.7,3.7,3.7,3.7,3.7,3.7,,,,,,,,,,,,,,,,,,,,
Phyto,11/10/2021,12:10,E1121B2047,P8,3,57,7,12.28%,0.0683,314.159,1.9807,29,22.66,1419,Eucapsis microscopica,Soft Body,Eucapsis,microscopica,,375,750,0.8,0.8,0.8,c,BSA.11-02,AB,Moderate sediment and low detritus.,sphere,0.18,0.18,0.18,0.18,0.18,0.18,0.18,0.18,0.18,0.18,Length,0.8,0.7,0.7,0.7,0.7,0.7,0.7,0.7,0.7,0.7,0.7,0.7,0.7,0.8,0.8,0.8,0.8,0.8,0.8,0.8,0.8,0.8,0.8,0.8,0.8,0.8
Phyto,11/12/2021,13:15,E1121B2073,D22,3,59,3,5.08%,0.0683,314.159,1.7075,25,61.33,1732,Entomoneis paludosa,Diatom,Entomoneis,paludosa,,1,1,40.7,,,i,BSA.11-03,AB,Moderate sediment and low detritus. ,elliptic prism,1956.30,,,,,,,,,,Length,40.7,40.7,,,,,,,,,,,,,,,,,,,,,,,,
,,,,,,,,,,,,,,,,,,,,,,,,,,,,,,,,,,,,,,,,Width,20.4,20.4,,,,,,,,,,,,,,,,,,,,,,,,
,,,,,,,,,,,,,,,,,,,,,,,,,,,,,,,,,,,,,,,,Depth,3.0,3.0,,,,,,,,,,,,,,,,,,,,,,,,
Phyto,11/12/2021,13:15,E1121B2073,D22,3,59,3,5.08%,0.0683,314.159,1.7075,25,61.33,749,Nitzschia sp.,Diatom,Nitzschia,sp.,,1,1,16.7,,,i,BSA.11-03,AB,Moderate sediment and low detritus. ,prism on parallelogram,77.24,,,,,,,,,,Length,16.7,16.7,,,,,,,,,,,,,,,,,,,,,,,,
,,,,,,,,,,,,,,,,,,,,,,,,,,,,,,,,,,,,,,,,Width,3.7,3.7,,,,,,,,,,,,,,,,,,,,,,,,
,,,,,,,,,,,,,,,,,,,,,,,,,,,,,,,,,,,,,,,,Depth,2.5,2.5,,,,,,,,,,,,,,,,,,,,,,,,
Phyto,11/12/2021,13:15,E1121B2073,D22,3,59,3,5.08%,0.0683,314.159,1.7075,25,61.33,846,Planothidium sp.,Diatom,Planothidium,sp.,,1,1,8,,,i,BSA.11-03,AB,Moderate sediment and low detritus. ,elliptic prism,75.40,,,,,,,,,,Length,8.0,8.0,,,,,,,,,,,,,,,,,,,,,,,,
,,,,,,,,,,,,,,,,,,,,,,,,,,,,,,,,,,,,,,,,Width,4.0,4.0,,,,,,,,,,,,,,,,,,,,,,,,
,,,,,,,,,,,,,,,,,,,,,,,,,,,,,,,,,,,,,,,,Depth,3.0,3.0,,,,,,,,,,,,,,,,,,,,,,,,
Phyto,11/12/2021,13:15,E1121B2073,D22,3,59,3,5.08%,0.0683,314.159,1.7075,25,61.33,1364,Plagioselmis nannoplanctica,Soft Body,Plagioselmis,nannoplanctica,,1,1,8,,,i,BSA.11-03,AB,Moderate sediment and low detritus. ,cone + half sphere,201.06,,,,,,,,,,Length,8.0,8.0,,,,,,,,,,,,,,,,,,,,,,,,
,,,,,,,,,,,,,,,,,,,,,,,,,,,,,,,,,,,,,,,,Width,4.0,4.0,,,,,,,,,,,,,,,,,,,,,,,,
Phyto,11/12/2021,13:15,E1121B2073,D22,3,59,3,5.08%,0.0683,314.159,1.7075,25,61.33,1419,Eucapsis microscopica,Soft Body,Eucapsis,microscopica,,396,792,0.8,0.8,0.8,c,BSA.11-03,AB,Moderate sediment and low detritus. ,sphere,0.18,0.18,0.18,0.18,0.18,0.18,0.18,0.18,0.18,0.18,Length,0.8,0.7,0.7,0.7,0.7,0.7,0.7,0.7,0.7,0.7,0.7,0.7,0.7,0.8,0.8,0.8,0.8,0.8,0.8,0.8,0.8,0.8,0.8,0.8,0.8,0.8
Phyto,11/10/2021,10:45,E1121B2046,MD10A,3,59,7,11.86%,0.0683,314.159,2.5954,38,17.29,145,Cocconeis placentula,Diatom,Cocconeis,placentula,,3,3,23.1,,,i,BSA.11-04,AB,Low sediment and detritus.,elliptic prism,290.28,,,,,,,,,,Length,17.6,16.7,13.0,23.1,,,,,,,,,,,,,,,,,,,,,,
,,,,,,,,,,,,,,,,,,,,,,,,,,,,,,,,,,,,,,,,Width,10.5,11.1,7.4,13.0,,,,,,,,,,,,,,,,,,,,,,
,,,,,,,,,,,,,,,,,,,,,,,,,,,,,,,,,,,,,,,,Depth,2.0,2.0,2.0,2.0,,,,,,,,,,,,,,,,,,,,,,
Phyto,11/10/2021,10:45,E1121B2046,MD10A,3,59,7,11.86%,0.0683,314.159,2.5954,38,17.29,190,Cyclotella sp.,Diatom,Cyclotella,sp.,,2,2,16.7,,,i,BSA.11-04,AB,Low sediment and detritus.,cylinder,485.23,,,,,,,,,,Length,5.2,7.4,3.0,,,,,,,,,,,,,,,,,,,,,,,
,,,,,,,,,,,,,,,,,,,,,,,,,,,,,,,,,,,,,,,,Width,10.9,16.7,5.0,,,,,,,,,,,,,,,,,,,,,,,
Phyto,11/10/2021,10:45,E1121B2046,MD10A,3,59,7,11.86%,0.0683,314.159,2.5954,38,17.29,749,cf. Nitzschia sp.,Diatom,Nitzschia,sp.,,1,1,42.6,,,i,BSA.11-04,AB,Low sediment and detritus.,prism on parallelogram,882.67,,,,,,,,,,Length,42.6,42.6,,,,,,,,,,,,,,,,,,,,,,,,
,,,,,,,,,,,,,,,,,,,,,,,,,,,,,,,,,,,,,,,,Width,7.4,7.4,,,,,,,,,,,,,,,,,,,,,,,,
,,,,,,,,,,,,,,,,,,,,,,,,,,,,,,,,,,,,,,,,Depth,5.6,5.6,,,,,,,,,,,,,,,,,,,,,,,,
Phyto,11/10/2021,10:45,E1121B2046,MD10A,3,59,7,11.86%,0.0683,314.159,2.5954,38,17.29,749,Nitzschia sp.,Diatom,Nitzschia,sp.,,2,2,18.5,,,i,BSA.11-04,AB,Low sediment and detritus.,prism on parallelogram,66.79,,,,,,,,,,Length,17.6,16.7,18.5,,,,,,,,,,,,,,,,,,,,,,,
,,,,,,,,,,,,,,,,,,,,,,,,,,,,,,,,,,,,,,,,Width,3.3,3.0,3.5,,,,,,,,,,,,,,,,,,,,,,,
,,,,,,,,,,,,,,,,,,,,,,,,,,,,,,,,,,,,,,,,Depth,2.3,2.0,2.5,,,,,,,,,,,,,,,,,,,,,,,
Phyto,11/10/2021,10:45,E1121B2046,MD10A,3,59,7,11.86%,0.0683,314.159,2.5954,38,17.29,1349,Cryptomonas cf. ovata,Soft Body,Cryptomonas,ovata,,5,5,20.4,,,i,BSA.11-04,AB,Low sediment and detritus.,prolate spheroid,878.24,,,,,,,,,,Length,18.2,18.5,18.5,16.7,16.7,20.4,,,,,,,,,,,,,,,,,,,,
,,,,,,,,,,,,,,,,,,,,,,,,,,,,,,,,,,,,,,,,Width,9.9,10.1,10.1,9.0,9.0,11.1,,,,,,,,,,,,,,,,,,,,
Phyto,11/10/2021,10:45,E1121B2046,MD10A,3,59,7,11.86%,0.0683,314.159,2.5954,38,17.29,1364,Plagioselmis nannoplanctica,Soft Body,Plagioselmis,nannoplanctica,,6,6,11.6,,,i,BSA.11-04,AB,Low sediment and detritus.,cone + half sphere,577.39,,,,,,,,,,Length,11.1,11.6,11.6,11.6,10.4,10.4,,,,,,,,,,,,,,,,,,,,
,,,,,,,,,,,,,,,,,,,,,,,,,,,,,,,,,,,,,,,,Width,6.8,7.4,7.4,7.4,6.0,6.0,,,,,,,,,,,,,,,,,,,,
Phyto,11/10/2021,10:45,E1121B2046,MD10A,3,59,7,11.86%,0.0683,314.159,2.5954,38,17.29,1419,Eucapsis microscopica,Soft Body,Eucapsis,microscopica,,381,762,0.8,0.8,0.8,c,BSA.11-04,AB,Low sediment and detritus.,sphere,0.18,0.18,0.18,0.18,0.18,0.18,0.18,0.18,0.18,0.18,Length,0.8,0.7,0.7,0.7,0.7,0.7,0.7,0.7,0.7,0.7,0.7,0.7,0.7,0.8,0.8,0.8,0.8,0.8,0.8,0.8,0.8,0.8,0.8,0.8,0.8,0.8
Phyto,11/17/2021,12:30,E1121B2229,D41,3,59,6,10.17%,0.0683,314.159,2.1856,32,23.96,190,Cyclotella sp.,Diatom,Cyclotella,sp.,,4,4,11.1,,,i,BSA.11-05,AB,Low detritus. ,cylinder,329.72,,,,,,,,,,Length,5.3,5.0,4.0,6.0,6.0,,,,,,,,,,,,,,,,,,,,,
,,,,,,,,,,,,,,,,,,,,,,,,,,,,,,,,,,,,,,,,Width,8.9,8.0,6.0,10.4,11.1,,,,,,,,,,,,,,,,,,,,,
Phyto,11/17/2021,12:30,E1121B2229,D41,3,59,6,10.17%,0.0683,314.159,2.1856,32,23.96,895,Skeletonema sp.,Diatom,Skeletonema,sp.,,3,3,10.4,,,i,BSA.11-05,AB,Low detritus. ,cylinder + 2 half spheres,345.10,,,,,,,,,,Length,10.4,10.4,10.4,10.4,,,,,,,,,,,,,,,,,,,,,,
,,,,,,,,,,,,,,,,,,,,,,,,,,,,,,,,,,,,,,,,Width,6.5,6.5,6.5,6.5,,,,,,,,,,,,,,,,,,,,,,
Phyto,11/17/2021,12:30,E1121B2229,D41,3,59,6,10.17%,0.0683,314.159,2.1856,32,23.96,1806,Chrysochromulina sp.,Soft Body,Chrysochromulina,sp.,,2,2,5,,,i,BSA.11-05,AB,Low detritus. ,prolate spheroid,41.56,,,,,,,,,,Length,4.5,5.0,4.0,,,,,,,,,,,,,,,,,,,,,,,
,,,,,,,,,,,,,,,,,,,,,,,,,,,,,,,,,,,,,,,,Width,4.2,4.7,3.7,,,,,,,,,,,,,,,,,,,,,,,
Phyto,11/17/2021,12:30,E1121B2229,D41,3,59,6,10.17%,0.0683,314.159,2.1856,32,23.96,1324,Ochromonas sp.,Soft Body,Ochromonas,sp.,,3,3,7,,,i,BSA.11-05,AB,Low detritus. ,cone + half sphere,112.15,,,,,,,,,,Length,6.0,4.6,7.4,6.0,,,,,,,,,,,,,,,,,,,,,,
,,,,,,,,,,,,,,,,,,,,,,,,,,,,,,,,,,,,,,,,Width,5.9,4.6,7.0,6.0,,,,,,,,,,,,,,,,,,,,,,
Phyto,11/17/2021,12:30,E1121B2229,D41,3,59,6,10.17%,0.0683,314.159,2.1856,32,23.96,1364,Plagioselmis nannoplanctica,Soft Body,Plagioselmis,nannoplanctica,,25,25,11,,,i,BSA.11-05,AB,Low detritus. ,cone + half sphere,342.36,,,,,,,,,,Length,9.4,8.0,9.3,9.3,9.3,11.0,,,,,,,,,,,,,,,,,,,,
,,,,,,,,,,,,,,,,,,,,,,,,,,,,,,,,,,,,,,,,Width,5.4,4.0,5.6,5.6,5.6,6.0,,,,,,,,,,,,,,,,,,,,
Phyto,11/17/2021,12:30,E1121B2229,D41,3,59,6,10.17%,0.0683,314.159,2.1856,32,23.96,1419,Eucapsis microscopica,Soft Body,Eucapsis,microscopica,,367,734,0.8,0.8,0.8,c,BSA.11-05,AB,Low detritus. ,sphere,0.18,0.18,0.18,0.18,0.18,0.18,0.18,0.18,0.18,0.18,Length,0.8,0.7,0.7,0.7,0.7,0.7,0.7,0.7,0.7,0.7,0.7,0.7,0.7,0.8,0.8,0.8,0.8,0.8,0.8,0.8,0.8,0.8,0.8,0.8,0.8,0.8
Phyto,11/17/2021,12:30,E1121B2229,D41,3,59,6,10.17%,0.0683,314.159,2.1856,32,23.96,1555,Lepocinclis sp.,Soft Body,Lepocinclis,sp.,,2,2,24.1,,,i,BSA.11-05,AB,Low detritus. ,2 cones,760.47,,,,,,,,,,Length,21.6,24.1,19.0,,,,,,,,,,,,,,,,,,,,,,,
,,,,,,,,,,,,,,,,,,,,,,,,,,,,,,,,,,,,,,,,Width,8.2,7.4,9.0,,,,,,,,,,,,,,,,,,,,,,,
Phyto,11/9/2021,8:50,E1121B2008,D12,3,58,3,5.17%,0.0683,314.159,0.8879,13,117.94,310,Encyonema sp.,Diatom,Encyonema,sp.,,1,1,24.6,,,i,BSA.11-06,AB,High sediment and moderate detritus.,cymbelloid,262.45,,,,,,,,,,Length,24.6,24.6,,,,,,,,,,,,,,,,,,,,,,,,
,,,,,,,,,,,,,,,,,,,,,,,,,,,,,,,,,,,,,,,,Width,8.0,8.0,,,,,,,,,,,,,,,,,,,,,,,,
,,,,,,,,,,,,,,,,,,,,,,,,,,,,,,,,,,,,,,,,Depth,4.0,4.0,,,,,,,,,,,,,,,,,,,,,,,,
Phyto,11/9/2021,8:50,E1121B2008,D12,3,58,3,5.17%,0.0683,314.159,0.8879,13,117.94,749,Nitzschia sp.,Diatom,Nitzschia,sp.,,1,1,15.6,,,i,BSA.11-06,AB,High sediment and moderate detritus.,prism on parallelogram,68.25,,,,,,,,,,Length,15.6,15.6,,,,,,,,,,,,,,,,,,,,,,,,
,,,,,,,,,,,,,,,,,,,,,,,,,,,,,,,,,,,,,,,,Width,3.5,3.5,,,,,,,,,,,,,,,,,,,,,,,,
,,,,,,,,,,,,,,,,,,,,,,,,,,,,,,,,,,,,,,,,Depth,2.5,2.5,,,,,,,,,,,,,,,,,,,,,,,,
Phyto,11/9/2021,8:50,E1121B2008,D12,3,58,3,5.17%,0.0683,314.159,0.8879,13,117.94,1349,Cryptomonas cf. ovata,Soft Body,Cryptomonas,ovata,,2,2,18,,,i,BSA.11-06,AB,High sediment and moderate detritus.,prolate spheroid,857.22,,,,,,,,,,Length,17.4,16.7,18.0,,,,,,,,,,,,,,,,,,,,,,,
,,,,,,,,,,,,,,,,,,,,,,,,,,,,,,,,,,,,,,,,Width,9.7,9.3,10.1,,,,,,,,,,,,,,,,,,,,,,,
Phyto,11/9/2021,8:50,E1121B2008,D12,3,58,3,5.17%,0.0683,314.159,0.8879,13,117.94,1364,Plagioselmis nannoplanctica,Soft Body,Plagioselmis,nannoplanctica,,1,1,5.6,,,i,BSA.11-06,AB,High sediment and moderate detritus.,cone + half sphere,76.35,,,,,,,,,,Length,5.6,5.6,,,,,,,,,,,,,,,,,,,,,,,,
,,,,,,,,,,,,,,,,,,,,,,,,,,,,,,,,,,,,,,,,Width,3.7,3.7,,,,,,,,,,,,,,,,,,,,,,,,
Phyto,11/9/2021,8:50,E1121B2008,D12,3,58,3,5.17%,0.0683,314.159,0.8879,13,117.94,1419,Eucapsis microscopica,Soft Body,Eucapsis,microscopica,,401,802,0.8,0.8,0.8,c,BSA.11-06,AB,High sediment and moderate detritus.,sphere,0.18,0.18,0.18,0.18,0.18,0.18,0.18,0.18,0.18,0.18,Length,0.8,0.7,0.7,0.7,0.7,0.7,0.7,0.7,0.7,0.7,0.7,0.7,0.7,0.8,0.8,0.8,0.8,0.8,0.8,0.8,0.8,0.8,0.8,0.8,0.8,0.8
Phyto,11/9/2021,12:00,E1121B2010,D19,3,60,5,8.33%,0.0683,314.159,1.4343,21,43.81,46,Achnanthidium sp.,Diatom,Achnanthidium,sp.,,1,1,10.4,,,i,BSA.11-07,AB,Moderate sediment. Many broken diatoms.,elliptic prism,79.64,,,,,,,,,,Length,10.4,10.4,,,,,,,,,,,,,,,,,,,,,,,,
,,,,,,,,,,,,,,,,,,,,,,,,,,,,,,,,,,,,,,,,Width,3.9,3.9,,,,,,,,,,,,,,,,,,,,,,,,
,,,,,,,,,,,,,,,,,,,,,,,,,,,,,,,,,,,,,,,,Depth,2.5,2.5,,,,,,,,,,,,,,,,,,,,,,,,
Phyto,11/9/2021,12:00,E1121B2010,D19,3,60,5,8.33%,0.0683,314.159,1.4343,21,43.81,145,Cocconeis placentula,Diatom,Cocconeis,placentula,,1,1,19,,,i,BSA.11-07,AB,Moderate sediment. Many broken diatoms.,elliptic prism,331.28,,,,,,,,,,Length,19.0,19.0,,,,,,,,,,,,,,,,,,,,,,,,
,,,,,,,,,,,,,,,,,,,,,,,,,,,,,,,,,,,,,,,,Width,11.1,11.1,,,,,,,,,,,,,,,,,,,,,,,,
,,,,,,,,,,,,,,,,,,,,,,,,,,,,,,,,,,,,,,,,Depth,2.0,2.0,,,,,,,,,,,,,,,,,,,,,,,,
Phyto,11/9/2021,12:00,E1121B2010,D19,3,60,5,8.33%,0.0683,314.159,1.4343,21,43.81,147,Cocconeis sp.,Diatom,Cocconeis,sp.,,1,1,18,,,i,BSA.11-07,AB,Moderate sediment. Many broken diatoms.,elliptic prism,339.29,,,,,,,,,,Length,18.0,18.0,,,,,,,,,,,,,,,,,,,,,,,,
,,,,,,,,,,,,,,,,,,,,,,,,,,,,,,,,,,,,,,,,Width,12.0,12.0,,,,,,,,,,,,,,,,,,,,,,,,
,,,,,,,,,,,,,,,,,,,,,,,,,,,,,,,,,,,,,,,,Depth,2.0,2.0,,,,,,,,,,,,,,,,,,,,,,,,
Phyto,11/9/2021,12:00,E1121B2010,D19,3,60,5,8.33%,0.0683,314.159,1.4343,21,43.81,190,Cyclotella sp.,Diatom,Cyclotella,sp.,,1,1,9.3,,,i,BSA.11-07,AB,Moderate sediment. Many broken diatoms.,cylinder,237.75,,,,,,,,,,Length,3.5,3.5,,,,,,,,,,,,,,,,,,,,,,,,
,,,,,,,,,,,,,,,,,,,,,,,,,,,,,,,,,,,,,,,,Width,9.3,9.3,,,,,,,,,,,,,,,,,,,,,,,,
Phyto,11/9/2021,12:00,E1121B2010,D19,3,60,5,8.33%,0.0683,314.159,1.4343,21,43.81,631,cf. Navicula sp.,Diatom,Navicula,sp.,,1,1,16,,,i,BSA.11-07,AB,Moderate sediment. Many broken diatoms.,elliptic prism,281.49,,,,,,,,,,Length,16.0,16.0,,,,,,,,,,,,,,,,,,,,,,,,
,,,,,,,,,,,,,,,,,,,,,,,,,,,,,,,,,,,,,,,,Width,5.6,5.6,,,,,,,,,,,,,,,,,,,,,,,,
,,,,,,,,,,,,,,,,,,,,,,,,,,,,,,,,,,,,,,,,Depth,4.0,4.0,,,,,,,,,,,,,,,,,,,,,,,,
Phyto,11/9/2021,12:00,E1121B2010,D19,3,60,5,8.33%,0.0683,314.159,1.4343,21,43.81,1806,Chrysochromulina sp.,Soft Body,Chrysochromulina,sp.,,4,4,4,,,i,BSA.11-07,AB,Moderate sediment. Many broken diatoms.,prolate spheroid,25.79,,,,,,,,,,Length,3.8,3.7,3.7,3.7,4.0,,,,,,,,,,,,,,,,,,,,,
,,,,,,,,,,,,,,,,,,,,,,,,,,,,,,,,,,,,,,,,Width,3.6,3.5,3.5,3.5,3.7,,,,,,,,,,,,,,,,,,,,,
Phyto,11/9/2021,12:00,E1121B2010,D19,3,60,5,8.33%,0.0683,314.159,1.4343,21,43.81,1364,Plagioselmis nannoplanctica,Soft Body,Plagioselmis,nannoplanctica,,6,6,9.3,,,i,BSA.11-07,AB,Moderate sediment. Many broken diatoms.,cone + half sphere,327.95,,,,,,,,,,Length,9.2,9.3,9.3,9.3,9.3,9.0,,,,,,,,,,,,,,,,,,,,
,,,,,,,,,,,,,,,,,,,,,,,,,,,,,,,,,,,,,,,,Width,5.6,5.6,5.6,5.6,5.6,5.6,,,,,,,,,,,,,,,,,,,,
Phyto,11/9/2021,12:00,E1121B2010,D19,3,60,5,8.33%,0.0683,314.159,1.4343,21,43.81,1419,Eucapsis microscopica,Soft Body,Eucapsis,microscopica,,398,796,0.8,0.8,0.8,c,BSA.11-07,AB,Moderate sediment. Many broken diatoms.,sphere,0.18,0.18,0.18,0.18,0.18,0.18,0.18,0.18,0.18,0.18,Length,0.8,0.7,0.7,0.7,0.7,0.7,0.7,0.7,0.7,0.7,0.7,0.7,0.7,0.8,0.8,0.8,0.8,0.8,0.8,0.8,0.8,0.8,0.8,0.8,0.8,0.8
Phyto,11/8/2021,10:00,E1121B1998,C9,3,62,7,11.29%,0.0683,314.159,2.5954,38,17.29,190,Cyclotella sp.,Diatom,Cyclotella,sp.,,6,6,8,,,i,BSA.11-08,AB,Low detritus.,cylinder,153.94,,,,,,,,,,Length,4.0,4.0,4.0,3.0,5.0,4.0,,,,,,,,,,,,,,,,,,,,
,,,,,,,,,,,,,,,,,,,,,,,,,,,,,,,,,,,,,,,,Width,7.0,7.0,7.0,5.6,8.0,7.4,,,,,,,,,,,,,,,,,,,,
Phyto,11/8/2021,10:00,E1121B1998,C9,3,62,7,11.29%,0.0683,314.159,2.5954,38,17.29,749,Nitzschia sp.,Diatom,Nitzschia,sp.,,1,1,33.3,,,i,BSA.11-08,AB,Low detritus.,prism on parallelogram,224.78,,,,,,,,,,Length,33.3,33.3,,,,,,,,,,,,,,,,,,,,,,,,
,,,,,,,,,,,,,,,,,,,,,,,,,,,,,,,,,,,,,,,,Width,4.5,4.5,,,,,,,,,,,,,,,,,,,,,,,,
,,,,,,,,,,,,,,,,,,,,,,,,,,,,,,,,,,,,,,,,Depth,3.0,3.0,,,,,,,,,,,,,,,,,,,,,,,,
Phyto,11/8/2021,10:00,E1121B1998,C9,3,62,7,11.29%,0.0683,314.159,2.5954,38,17.29,846,cf. Planothidium sp.,Diatom,Planothidium,sp.,,1,1,10.1,,,i,BSA.11-08,AB,Low detritus.,elliptic prism,55.53,,,,,,,,,,Length,10.1,10.1,,,,,,,,,,,,,,,,,,,,,,,,
,,,,,,,,,,,,,,,,,,,,,,,,,,,,,,,,,,,,,,,,Width,3.5,3.5,,,,,,,,,,,,,,,,,,,,,,,,
,,,,,,,,,,,,,,,,,,,,,,,,,,,,,,,,,,,,,,,,Depth,2.0,2.0,,,,,,,,,,,,,,,,,,,,,,,,
Phyto,11/8/2021,10:00,E1121B1998,C9,3,62,7,11.29%,0.0683,314.159,2.5954,38,17.29,1020,Carteria sp.,Soft Body,Carteria,sp.,,3,3,6,,,i,BSA.11-08,AB,Low detritus.,sphere,38.68,,,,,,,,,,Length,5.7,6.0,5.6,5.6,,,,,,,,,,,,,,,,,,,,,,
,,,,,,,,,,,,,,,,,,,,,,,,,,,,,,,,,,,,,,,,Width,3.6,3.5,3.7,3.7,,,,,,,,,,,,,,,,,,,,,,
Phyto,11/8/2021,10:00,E1121B1998,C9,3,62,7,11.29%,0.0683,314.159,2.5954,38,17.29,1248,cf. Sphaerocystis sp.,Soft Body,Sphaerocystis,sp.,,1,4,2.2,,,c,BSA.11-08,AB,Low detritus.,sphere,5.58,,,,,,,,,,Length,2.2,2.2,2.2,2.2,2.2,,,,,,,,,,,,,,,,,,,,,
Phyto,11/8/2021,10:00,E1121B1998,C9,3,62,7,11.29%,0.0683,314.159,2.5954,38,17.29,1364,Plagioselmis nannoplanctica,Soft Body,Plagioselmis,nannoplanctica,,22,22,11.4,,,i,BSA.11-08,AB,Low detritus.,cone + half sphere,430.35,,,,,,,,,,Length,10.2,9.3,9.3,9.5,11.4,11.4,,,,,,,,,,,,,,,,,,,,
,,,,,,,,,,,,,,,,,,,,,,,,,,,,,,,,,,,,,,,,Width,5.6,5.6,5.6,5.6,5.6,5.6,,,,,,,,,,,,,,,,,,,,
Phyto,11/8/2021,10:00,E1121B1998,C9,3,62,7,11.29%,0.0683,314.159,2.5954,38,17.29,1419,Eucapsis microscopica,Soft Body,Eucapsis,microscopica,,375,750,0.8,0.8,0.8,c,BSA.11-08,AB,Low detritus.,sphere,0.18,0.18,0.18,0.18,0.18,0.18,0.18,0.18,0.18,0.18,Length,0.8,0.7,0.7,0.7,0.7,0.7,0.7,0.7,0.7,0.7,0.7,0.7,0.7,0.8,0.8,0.8,0.8,0.8,0.8,0.8,0.8,0.8,0.8,0.8,0.8,0.8
Phyto,11/9/2021,9:50,E1121B2027,EZ2-SJR,3,59,5,8.47%,0.0683,314.159,1.6392,24,38.33,1732,Entomoneis paludosa,Diatom,Entomoneis,paludosa,,1,1,38.9,,,i,BSA.11-09,AB,Moderate sediment and detritus.,elliptic prism,1275.54,,,,,,,,,,Length,38.9,38.9,,,,,,,,,,,,,,,,,,,,,,,,
,,,,,,,,,,,,,,,,,,,,,,,,,,,,,,,,,,,,,,,,Width,16.7,16.7,,,,,,,,,,,,,,,,,,,,,,,,
,,,,,,,,,,,,,,,,,,,,,,,,,,,,,,,,,,,,,,,,Depth,2.5,2.5,,,,,,,,,,,,,,,,,,,,,,,,
Phyto,11/9/2021,9:50,E1121B2027,EZ2-SJR,3,59,5,8.47%,0.0683,314.159,1.6392,24,38.33,631,Navicula sp.,Diatom,Navicula,sp.,,2,2,16.7,,,i,BSA.11-09,AB,Moderate sediment and detritus.,elliptic prism,92.31,,,,,,,,,,Length,14.6,16.7,12.4,,,,,,,,,,,,,,,,,,,,,,,
,,,,,,,,,,,,,,,,,,,,,,,,,,,,,,,,,,,,,,,,Width,3.5,4.0,3.0,,,,,,,,,,,,,,,,,,,,,,,
,,,,,,,,,,,,,,,,,,,,,,,,,,,,,,,,,,,,,,,,Depth,2.3,2.5,2.0,,,,,,,,,,,,,,,,,,,,,,,
Phyto,11/9/2021,9:50,E1121B2027,EZ2-SJR,3,59,5,8.47%,0.0683,314.159,1.6392,24,38.33,1364,Plagioselmis nannoplanctica,Soft Body,Plagioselmis,nannoplanctica,,3,3,10.4,,,i,BSA.11-09,AB,Moderate sediment and detritus.,cone + half sphere,416.26,,,,,,,,,,Length,10.0,9.3,10.4,10.4,,,,,,,,,,,,,,,,,,,,,,
,,,,,,,,,,,,,,,,,,,,,,,,,,,,,,,,,,,,,,,,Width,5.9,5.6,6.0,6.0,,,,,,,,,,,,,,,,,,,,,,
Phyto,11/9/2021,9:50,E1121B2027,EZ2-SJR,3,59,5,8.47%,0.0683,314.159,1.6392,24,38.33,1733,Plagioselmis prolonga,Soft Body,Plagioselmis,prolonga,,1,1,6,,,i,BSA.11-09,AB,Moderate sediment and detritus.,cone + half sphere,94.25,,,,,,,,,,Length,6.0,6.0,,,,,,,,,,,,,,,,,,,,,,,,
,,,,,,,,,,,,,,,,,,,,,,,,,,,,,,,,,,,,,,,,Width,4.0,4.0,,,,,,,,,,,,,,,,,,,,,,,,
Phyto,11/9/2021,9:50,E1121B2027,EZ2-SJR,3,59,5,8.47%,0.0683,314.159,1.6392,24,38.33,1419,Eucapsis microscopica,Soft Body,Eucapsis,microscopica,,396,796,0.8,0.8,0.8,c,BSA.11-09,AB,Moderate sediment and detritus.,sphere,0.18,0.18,0.18,0.18,0.18,0.18,0.18,0.18,0.18,0.18,Length,0.8,0.7,0.7,0.7,0.7,0.7,0.7,0.7,0.7,0.7,0.7,0.7,0.7,0.8,0.8,0.8,0.8,0.8,0.8,0.8,0.8,0.8,0.8,0.8,0.8,0.8
Phyto,11/9/2021,10:40,E1121B2009,D16,3,60,6,10.00%,0.0683,314.159,2.5954,38,20.17,46,Achnanthidium sp.,Diatom,Achnanthidium,sp.,,1,1,11.4,,,i,BSA.11-10,AB,Moderate detritus. Many broken diatoms.,elliptic prism,89.45,,,,,,,,,,Length,11.4,11.4,,,,,,,,,,,,,,,,,,,,,,,,
,,,,,,,,,,,,,,,,,,,,,,,,,,,,,,,,,,,,,,,,Width,3.7,3.7,,,,,,,,,,,,,,,,,,,,,,,,
,,,,,,,,,,,,,,,,,,,,,,,,,,,,,,,,,,,,,,,,Depth,2.7,2.7,,,,,,,,,,,,,,,,,,,,,,,,
Phyto,11/9/2021,10:40,E1121B2009,D16,3,60,6,10.00%,0.0683,314.159,2.5954,38,20.17,190,Cyclotella sp.,Diatom,Cyclotella,sp.,,3,3,9,,,i,BSA.11-10,AB,Moderate detritus. Many broken diatoms.,cylinder,230.38,,,,,,,,,,Length,4.7,5.0,5.0,4.0,,,,,,,,,,,,,,,,,,,,,,
,,,,,,,,,,,,,,,,,,,,,,,,,,,,,,,,,,,,,,,,Width,7.9,9.0,9.0,5.6,,,,,,,,,,,,,,,,,,,,,,
Phyto,11/9/2021,10:40,E1121B2009,D16,3,60,6,10.00%,0.0683,314.159,2.5954,38,20.17,326,Epithemia sp.,Diatom,Epithemia,sp.,,1,1,40.7,,,i,BSA.11-10,AB,Moderate detritus. Many broken diatoms.,cymbelloid,488.53,,,,,,,,,,Length,40.7,40.7,,,,,,,,,,,,,,,,,,,,,,,,
,,,,,,,,,,,,,,,,,,,,,,,,,,,,,,,,,,,,,,,,Width,9.0,9.0,,,,,,,,,,,,,,,,,,,,,,,,
,,,,,,,,,,,,,,,,,,,,,,,,,,,,,,,,,,,,,,,,Depth,4.0,4.0,,,,,,,,,,,,,,,,,,,,,,,,
Phyto,11/9/2021,10:40,E1121B2009,D16,3,60,6,10.00%,0.0683,314.159,2.5954,38,20.17,631,Navicula sp.,Diatom,Navicula,sp.,,1,1,25.9,,,i,BSA.11-10,AB,Moderate detritus. Many broken diatoms.,elliptic prism,61.03,,,,,,,,,,Length,25.9,25.9,,,,,,,,,,,,,,,,,,,,,,,,
,,,,,,,,,,,,,,,,,,,,,,,,,,,,,,,,,,,,,,,,Width,2.0,2.0,,,,,,,,,,,,,,,,,,,,,,,,
,,,,,,,,,,,,,,,,,,,,,,,,,,,,,,,,,,,,,,,,Depth,1.5,1.5,,,,,,,,,,,,,,,,,,,,,,,,
Phyto,11/9/2021,10:40,E1121B2009,D16,3,60,6,10.00%,0.0683,314.159,2.5954,38,20.17,1031,Chlamydomonas sp.,Soft Body,Chlamydomonas,sp.,,2,2,7.4,,,i,BSA.11-10,AB,Moderate detritus. Many broken diatoms.,sphere,169.48,,,,,,,,,,Length,7.0,6.5,7.4,,,,,,,,,,,,,,,,,,,,,,,
,,,,,,,,,,,,,,,,,,,,,,,,,,,,,,,,,,,,,,,,Width,6.8,6.5,7.0,,,,,,,,,,,,,,,,,,,,,,,
,,,,,,,,,,,,,,,,,,,,,,,,,,,,,,,,,,,,,,,,Depth,6.8,6.5,7.0,,,,,,,,,,,,,,,,,,,,,,,
Phyto,11/9/2021,10:40,E1121B2009,D16,3,60,6,10.00%,0.0683,314.159,2.5954,38,20.17,1806,Chrysochromulina sp.,Soft Body,Chrysochromulina,sp.,,1,1,5.6,,,i,BSA.11-10,AB,Moderate detritus. Many broken diatoms.,prolate spheroid,73.30,,,,,,,,,,Length,5.6,5.6,,,,,,,,,,,,,,,,,,,,,,,,
,,,,,,,,,,,,,,,,,,,,,,,,,,,,,,,,,,,,,,,,Width,5.0,5.0,,,,,,,,,,,,,,,,,,,,,,,,
Phyto,11/9/2021,10:40,E1121B2009,D16,3,60,6,10.00%,0.0683,314.159,2.5954,38,20.17,1364,Plagioselmis nannoplanctica,Soft Body,Plagioselmis,nannoplanctica,,4,4,6,,,i,BSA.11-10,AB,Moderate detritus. Many broken diatoms.,cone + half sphere,109.33,,,,,,,,,,Length,9.7,10.7,9.3,9.3,9.3,,,,,,,,,,,,,,,,,,,,,
,,,,,,,,,,,,,,,,,,,,,,,,,,,,,,,,,,,,,,,,Width,5.6,5.6,5.6,5.6,5.6,,,,,,,,,,,,,,,,,,,,,
Phyto,11/9/2021,10:40,E1121B2009,D16,3,60,6,10.00%,0.0683,314.159,2.5954,38,20.17,1419,Eucapsis microscopica,Soft Body,Eucapsis,microscopica,,392,784,0.8,0.8,0.8,c,BSA.11-10,AB,Moderate detritus. Many broken diatoms.,sphere,0.18,0.18,0.18,0.18,0.18,0.18,0.18,0.18,0.18,0.18,Length,0.8,0.7,0.7,0.7,0.7,0.7,0.7,0.7,0.7,0.7,0.7,0.7,0.7,0.8,0.8,0.8,0.8,0.8,0.8,0.8,0.8,0.8,0.8,0.8,0.8,0.8
Phyto,11/8/2021,11:15,E1121B1999,C10A,3,60,6,10.00%,0.0683,314.159,2.6637,39,19.66,46,Achnanthidium sp.,Diatom,Achnanthidium,sp.,,1,1,16.7,,,i,BSA.11-11,AB,,elliptic prism,196.74,,,,,,,,,,Length,16.7,16.7,,,,,,,,,,,,,,,,,,,,,,,,
,,,,,,,,,,,,,,,,,,,,,,,,,,,,,,,,,,,,,,,,Width,5.0,5.0,,,,,,,,,,,,,,,,,,,,,,,,
,,,,,,,,,,,,,,,,,,,,,,,,,,,,,,,,,,,,,,,,Depth,3.0,3.0,,,,,,,,,,,,,,,,,,,,,,,,
Phyto,11/8/2021,11:15,E1121B1999,C10A,3,60,6,10.00%,0.0683,314.159,2.6637,39,19.66,145,Cocconeis placentula,Diatom,Cocconeis,placentula,,2,2,22.2,,,i,BSA.11-11,AB,,elliptic prism,514.42,,,,,,,,,,Length,21.3,22.2,20.4,,,,,,,,,,,,,,,,,,,,,,,
,,,,,,,,,,,,,,,,,,,,,,,,,,,,,,,,,,,,,,,,Width,12.3,11.1,13.5,,,,,,,,,,,,,,,,,,,,,,,
,,,,,,,,,,,,,,,,,,,,,,,,,,,,,,,,,,,,,,,,Depth,2.5,2.0,3.0,,,,,,,,,,,,,,,,,,,,,,,
Phyto,11/8/2021,11:15,E1121B1999,C10A,3,60,6,10.00%,0.0683,314.159,2.6637,39,19.66,190,Cyclotella sp.,Diatom,Cyclotella,sp.,,5,5,13,,,i,BSA.11-11,AB,,cylinder,392.23,,,,,,,,,,Length,5.2,4.0,5.6,4.0,5.0,7.4,,,,,,,,,,,,,,,,,,,,
,,,,,,,,,,,,,,,,,,,,,,,,,,,,,,,,,,,,,,,,Width,9.8,6.0,12.4,8.0,9.5,13.0,,,,,,,,,,,,,,,,,,,,
Phyto,11/8/2021,11:15,E1121B1999,C10A,3,60,6,10.00%,0.0683,314.159,2.6637,39,19.66,1912,Navicula cf. rhynchotella,Diatom,Navicula,rhynchotella,,2,2,42.6,,,i,BSA.11-11,AB,,elliptic prism,1058.72,,,,,,,,,,Length,33.7,24.7,42.6,,,,,,,,,,,,,,,,,,,,,,,
,,,,,,,,,,,,,,,,,,,,,,,,,,,,,,,,,,,,,,,,Width,8.0,8.0,8.0,,,,,,,,,,,,,,,,,,,,,,,
,,,,,,,,,,,,,,,,,,,,,,,,,,,,,,,,,,,,,,,,Depth,5.0,4.0,6.0,,,,,,,,,,,,,,,,,,,,,,,
Phyto,11/8/2021,11:15,E1121B1999,C10A,3,60,6,10.00%,0.0683,314.159,2.6637,39,19.66,631,cf. Navicula sp.,Diatom,Navicula,sp.,,2,2,38.9,,,i,BSA.11-11,AB,Girdle view.,elliptic prism,1207.31,,,,,,,,,,Length,30.5,22.1,38.9,,,,,,,,,,,,,,,,,,,,,,,
,,,,,,,,,,,,,,,,,,,,,,,,,,,,,,,,,,,,,,,,Width,9.0,5.9,12.1,,,,,,,,,,,,,,,,,,,,,,,
,,,,,,,,,,,,,,,,,,,,,,,,,,,,,,,,,,,,,,,,Depth,5.6,3.7,7.4,,,,,,,,,,,,,,,,,,,,,,,
Phyto,11/8/2021,11:15,E1121B1999,C10A,3,60,6,10.00%,0.0683,314.159,2.6637,39,19.66,631,Navicula sp.,Diatom,Navicula,sp.,,1,1,20.4,,,i,BSA.11-11,AB,,elliptic prism,288.40,,,,,,,,,,Length,20.4,20.4,,,,,,,,,,,,,,,,,,,,,,,,
,,,,,,,,,,,,,,,,,,,,,,,,,,,,,,,,,,,,,,,,Width,6.0,6.0,,,,,,,,,,,,,,,,,,,,,,,,
,,,,,,,,,,,,,,,,,,,,,,,,,,,,,,,,,,,,,,,,Depth,3.0,3.0,,,,,,,,,,,,,,,,,,,,,,,,
Phyto,11/8/2021,11:15,E1121B1999,C10A,3,60,6,10.00%,0.0683,314.159,2.6637,39,19.66,749,Nitzschia sp.,Diatom,Nitzschia,sp.,,3,3,50.1,,,i,BSA.11-11,AB,,prism on parallelogram,130.64,,,,,,,,,,Length,35.5,25.9,50.1,30.5,,,,,,,,,,,,,,,,,,,,,,
,,,,,,,,,,,,,,,,,,,,,,,,,,,,,,,,,,,,,,,,Width,3.2,3.7,2.2,3.7,,,,,,,,,,,,,,,,,,,,,,
,,,,,,,,,,,,,,,,,,,,,,,,,,,,,,,,,,,,,,,,Depth,2.3,2.5,1.8,2.5,,,,,,,,,,,,,,,,,,,,,,
Phyto,11/8/2021,11:15,E1121B1999,C10A,3,60,6,10.00%,0.0683,314.159,2.6637,39,19.66,1037,Chlorella sp.,Soft Body,Chlorella,sp.,,3,3,4,,,i,BSA.11-11,AB,,sphere,26.52,,,,,,,,,,Length,3.7,3.7,4.0,3.5,,,,,,,,,,,,,,,,,,,,,,
Phyto,11/8/2021,11:15,E1121B1999,C10A,3,60,6,10.00%,0.0683,314.159,2.6637,39,19.66,1761,Drepanochloris nannoselene,Soft Body,Drepanochloris,nannoselene,,1,1,4.5,,,i,BSA.11-11,AB,,cylinder + 2 cones,9.28,,,,,,,,,,Length,4.5,4.5,,,,,,,,,,,,,,,,,,,,,,,,
,,,,,,,,,,,,,,,,,,,,,,,,,,,,,,,,,,,,,,,,Width,1.5,1.5,,,,,,,,,,,,,,,,,,,,,,,,
,,,,,,,,,,,,,,,,,,,,,,,,,,,,,,,,,,,,,,,,Depth,1.5,1.5,,,,,,,,,,,,,,,,,,,,,,,,
Phyto,11/8/2021,11:15,E1121B1999,C10A,3,60,6,10.00%,0.0683,314.159,2.6637,39,19.66,1134,Monoraphidium contortum,Soft Body,Monoraphidium,contortum,,1,1,13.5,,,i,BSA.11-11,AB,,2 cones,13.85,,,,,,,,,,Length,13.5,13.5,,,,,,,,,,,,,,,,,,,,,,,,
,,,,,,,,,,,,,,,,,,,,,,,,,,,,,,,,,,,,,,,,Width,1.4,1.4,,,,,,,,,,,,,,,,,,,,,,,,
Phyto,11/8/2021,11:15,E1121B1999,C10A,3,60,6,10.00%,0.0683,314.159,2.6637,39,19.66,1235,Scenedesmus sp.,Soft Body,Scenedesmus,sp.,,1,2,7.4,,,c,BSA.11-11,AB,,prolate spheroid,47.46,,,,,,,,,,Length,7.4,7.4,7.4,,,,,,,,,,,,,,,,,,,,,,,
,,,,,,,,,,,,,,,,,,,,,,,,,,,,,,,,,,,,,,,,Width,3.5,3.5,3.5,,,,,,,,,,,,,,,,,,,,,,,
Phyto,11/8/2021,11:15,E1121B1999,C10A,3,60,6,10.00%,0.0683,314.159,2.6637,39,19.66,1242,cf. Selenastrum sp.,Soft Body,Selenastrum,sp.,,1,1,5,,,i,BSA.11-11,AB,,2 cones,12.67,,,,,,,,,,Length,5.0,5.0,,,,,,,,,,,,,,,,,,,,,,,,
,,,,,,,,,,,,,,,,,,,,,,,,,,,,,,,,,,,,,,,,Width,2.2,2.2,,,,,,,,,,,,,,,,,,,,,,,,
Phyto,11/8/2021,11:15,E1121B1999,C10A,3,60,6,10.00%,0.0683,314.159,2.6637,39,19.66,1806,cf. Chrysochromulina sp.,Soft Body,Chrysochromulina,sp.,,4,4,5.6,,,i,BSA.11-11,AB,,prolate spheroid,53.18,,,,,,,,,,Length,4.8,5.0,5.6,4.5,4.0,,,,,,,,,,,,,,,,,,,,,
,,,,,,,,,,,,,,,,,,,,,,,,,,,,,,,,,,,,,,,,Width,4.6,5.0,5.4,4.5,3.3,,,,,,,,,,,,,,,,,,,,,
Phyto,11/8/2021,11:15,E1121B1999,C10A,3,60,6,10.00%,0.0683,314.159,2.6637,39,19.66,1364,Plagioselmis nannoplanctica,Soft Body,Plagioselmis,nannoplanctica,,2,2,9.3,,,i,BSA.11-11,AB,,cone + half sphere,321.30,,,,,,,,,,Length,9.2,9.0,9.3,,,,,,,,,,,,,,,,,,,,,,,
,,,,,,,,,,,,,,,,,,,,,,,,,,,,,,,,,,,,,,,,Width,5.3,5.0,5.6,,,,,,,,,,,,,,,,,,,,,,,
Phyto,11/8/2021,11:15,E1121B1999,C10A,3,60,6,10.00%,0.0683,314.159,2.6637,39,19.66,1423,Chroococcus sp.,Soft Body,Chroococcus,sp.,,1,2,2,,,c,BSA.11-11,AB,,sphere,4.19,,,,,,,,,,Length,2.0,2.0,2.0,,,,,,,,,,,,,,,,,,,,,,,
Phyto,11/8/2021,11:15,E1121B1999,C10A,3,60,6,10.00%,0.0683,314.159,2.6637,39,19.66,1419,Eucapsis microscopica,Soft Body,Eucapsis,microscopica,,373,746,0.8,0.8,0.8,c,BSA.11-11,AB,,sphere,0.18,0.18,0.18,0.18,0.18,0.18,0.18,0.18,0.18,0.18,Length,0.8,0.7,0.7,0.7,0.7,0.7,0.7,0.7,0.7,0.7,0.7,0.7,0.7,0.8,0.8,0.8,0.8,0.8,0.8,0.8,0.8,0.8,0.8,0.8,0.8,0.8
Phyto,11/8/2021,11:15,E1121B1999,C10A,3,60,6,10.00%,0.0683,314.159,2.6637,39,19.66,1508,Pseudanabaena sp.,Soft Body,Pseudanabaena,sp.,,1,12,3.7,,,f,BSA.11-11,AB,,cylinder,4.18,,,,,,,,,,Length,3.7,3.7,3.7,3.7,3.7,3.7,,,,,,,,,,,,,,,,,,,,
,,,,,,,,,,,,,,,,,,,,,,,,,,,,,,,,,,,,,,,,Width,1.2,1.2,1.2,1.2,1.2,1.2,,,,,,,,,,,,,,,,,,,,
Phyto,11/8/2021,8:15,E1121B1997,C3A,3,60,8,13.33%,0.0683,314.159,2.3222,34,16.91,145,Cocconeis placentula,Diatom,Cocconeis,placentula,,1,1,17,,,i,BSA.11-12,AB,Low detritus.,elliptic prism,248.34,,,,,,,,,,Length,17.0,17.0,,,,,,,,,,,,,,,,,,,,,,,,
,,,,,,,,,,,,,,,,,,,,,,,,,,,,,,,,,,,,,,,,Width,9.3,9.3,,,,,,,,,,,,,,,,,,,,,,,,
,,,,,,,,,,,,,,,,,,,,,,,,,,,,,,,,,,,,,,,,Depth,2.0,2.0,,,,,,,,,,,,,,,,,,,,,,,,
Phyto,11/8/2021,8:15,E1121B1997,C3A,3,60,8,13.33%,0.0683,314.159,2.3222,34,16.91,190,Cyclotella sp.,Diatom,Cyclotella,sp.,,6,6,11.1,,,i,BSA.11-12,AB,Low detritus.,cylinder,351.21,,,,,,,,,,Length,5.4,7.4,7.4,4.0,5.0,3.0,,,,,,,,,,,,,,,,,,,,
,,,,,,,,,,,,,,,,,,,,,,,,,,,,,,,,,,,,,,,,Width,9.1,11.1,11.1,7.0,9.0,7.4,,,,,,,,,,,,,,,,,,,,
Phyto,11/8/2021,8:15,E1121B1997,C3A,3,60,8,13.33%,0.0683,314.159,2.3222,34,16.91,273,Diatoma sp.,Diatom,Diatoma,sp.,,1,1,19,,,i,BSA.11-12,AB,Low detritus.,elliptic prism,313.37,,,,,,,,,,Length,19.0,19.0,,,,,,,,,,,,,,,,,,,,,,,,
,,,,,,,,,,,,,,,,,,,,,,,,,,,,,,,,,,,,,,,,Width,7.0,7.0,,,,,,,,,,,,,,,,,,,,,,,,
,,,,,,,,,,,,,,,,,,,,,,,,,,,,,,,,,,,,,,,,Depth,3.0,3.0,,,,,,,,,,,,,,,,,,,,,,,,
Phyto,11/8/2021,8:15,E1121B1997,C3A,3,60,8,13.33%,0.0683,314.159,2.3222,34,16.91,310,Encyonema sp.,Diatom,Encyonema,sp.,,1,1,18,,,i,BSA.11-12,AB,Low detritus.,cymbelloid,133.24,,,,,,,,,,Length,18.0,18.0,,,,,,,,,,,,,,,,,,,,,,,,
,,,,,,,,,,,,,,,,,,,,,,,,,,,,,,,,,,,,,,,,Width,7.4,7.4,,,,,,,,,,,,,,,,,,,,,,,,
,,,,,,,,,,,,,,,,,,,,,,,,,,,,,,,,,,,,,,,,Depth,3.0,3.0,,,,,,,,,,,,,,,,,,,,,,,,
Phyto,11/8/2021,8:15,E1121B1997,C3A,3,60,8,13.33%,0.0683,314.159,2.3222,34,16.91,631,cf. Navicula sp.,Diatom,Navicula,sp.,,6,6,13,,,i,BSA.11-12,AB,Low detritus.,elliptic prism,51.05,,,,,,,,,,Length,13.0,13.0,13.0,13.0,13.0,13.0,,,,,,,,,,,,,,,,,,,,
,,,,,,,,,,,,,,,,,,,,,,,,,,,,,,,,,,,,,,,,Width,2.5,2.5,2.5,2.5,2.5,2.5,,,,,,,,,,,,,,,,,,,,
,,,,,,,,,,,,,,,,,,,,,,,,,,,,,,,,,,,,,,,,Depth,2.0,2.0,2.0,2.0,2.0,2.0,,,,,,,,,,,,,,,,,,,,
Phyto,11/8/2021,8:15,E1121B1997,C3A,3,60,8,13.33%,0.0683,314.159,2.3222,34,16.91,749,Nitzschia sp.,Diatom,Nitzschia,sp.,,4,4,55,,,i,BSA.11-12,AB,Low detritus.,prism on parallelogram,166.00,,,,,,,,,,Length,33.2,22.2,29.6,55.0,25.9,,,,,,,,,,,,,,,,,,,,,
,,,,,,,,,,,,,,,,,,,,,,,,,,,,,,,,,,,,,,,,Width,4.0,3.5,3.7,3.7,5.0,,,,,,,,,,,,,,,,,,,,,
,,,,,,,,,,,,,,,,,,,,,,,,,,,,,,,,,,,,,,,,Depth,2.5,2.0,2.5,2.5,3.0,,,,,,,,,,,,,,,,,,,,,
Phyto,11/8/2021,8:15,E1121B1997,C3A,3,60,8,13.33%,0.0683,314.159,2.3222,34,16.91,870,Pseudostaurosira sp.,Diatom,Pseudostaurosira,sp.,,1,1,9.3,,,i,BSA.11-12,AB,Low detritus.,box,63.91,,,,,,,,,,Length,9.3,9.3,,,,,,,,,,,,,,,,,,,,,,,,
,,,,,,,,,,,,,,,,,,,,,,,,,,,,,,,,,,,,,,,,Width,3.5,3.5,,,,,,,,,,,,,,,,,,,,,,,,
,,,,,,,,,,,,,,,,,,,,,,,,,,,,,,,,,,,,,,,,Depth,2.5,2.5,,,,,,,,,,,,,,,,,,,,,,,,
Phyto,11/8/2021,8:15,E1121B1997,C3A,3,60,8,13.33%,0.0683,314.159,2.3222,34,16.91,1364,Plagioselmis nannoplanctica,Soft Body,Plagioselmis,nannoplanctica,,2,2,10.6,,,i,BSA.11-12,AB,Low detritus.,cone + half sphere,424.63,,,,,,,,,,Length,10.1,9.5,10.6,,,,,,,,,,,,,,,,,,,,,,,
,,,,,,,,,,,,,,,,,,,,,,,,,,,,,,,,,,,,,,,,Width,5.8,5.6,6.0,,,,,,,,,,,,,,,,,,,,,,,
Phyto,11/8/2021,8:15,E1121B1997,C3A,3,60,8,13.33%,0.0683,314.159,2.3222,34,16.91,1419,Eucapsis microscopica,Soft Body,Eucapsis,microscopica,,385,770,0.8,0.8,0.8,c,BSA.11-12,AB,Low detritus.,sphere,0.18,0.18,0.18,0.18,0.18,0.18,0.18,0.18,0.18,0.18,Length,0.8,0.7,0.7,0.7,0.7,0.7,0.7,0.7,0.7,0.7,0.7,0.7,0.7,0.8,0.8,0.8,0.8,0.8,0.8,0.8,0.8,0.8,0.8,0.8,0.8,0.8
Phyto,11/8/2021,8:15,E1121B1997,C3A,3,60,8,13.33%,0.0683,314.159,2.3222,34,16.91,1477,cf. Microcystis sp.,Soft Body,Microcystis,sp.,,1,1,5,,,i,BSA.11-12,AB,Low detritus.,sphere,65.45,,,,,,,,,,Length,5.0,5.0,,,,,,,,,,,,,,,,,,,,,,,,
Phyto,11/8/2021,8:15,E1121B1997,C3A,3,60,8,13.33%,0.0683,314.159,2.3222,34,16.91,1508,Pseudanabaena sp.,Soft Body,Pseudanabaena,sp.,,1,20,4,,,f,BSA.11-12,AB,Low detritus.,cylinder,7.07,,,,,,,,,,Length,4.0,4.0,4.0,4.0,4.0,4.0,,,,,,,,,,,,,,,,,,,,
,,,,,,,,,,,,,,,,,,,,,,,,,,,,,,,,,,,,,,,,Width,1.5,1.5,1.5,1.5,1.5,1.5,,,,,,,,,,,,,,,,,,,,
Phyto,11/17/2021,13:25,E1121B2230,NZ325,3,60,5,8.33%,0.0683,314.159,1.2294,18,51.11,46,cf. Achnanthidium sp.,Diatom,Achnanthidium,sp.,,1,1,7.4,,,i,BSA.11-13,CB,,elliptic prism,40.86,,,,,,,,,,Length,7.4,7.4,,,,,,,,,,,,,,,,,,,,,,,,
,,,,,,,,,,,,,,,,,,,,,,,,,,,,,,,,,,,,,,,,Width,3.7,3.7,,,,,,,,,,,,,,,,,,,,,,,,
,,,,,,,,,,,,,,,,,,,,,,,,,,,,,,,,,,,,,,,,Depth,1.9,1.9,,,,,,,,,,,,,,,,,,,,,,,,
Phyto,11/17/2021,13:25,E1121B2230,NZ325,3,60,5,8.33%,0.0683,314.159,1.2294,18,51.11,190,cf. Cyclotella sp.,Diatom,Cyclotella,sp.,,1,1,9.3,,,i,BSA.11-13,CB,,cylinder,312.47,,,,,,,,,,Length,4.6,4.6,,,,,,,,,,,,,,,,,,,,,,,,
,,,,,,,,,,,,,,,,,,,,,,,,,,,,,,,,,,,,,,,,Width,9.3,9.3,,,,,,,,,,,,,,,,,,,,,,,,
Phyto,11/17/2021,13:25,E1121B2230,NZ325,3,60,5,8.33%,0.0683,314.159,1.2294,18,51.11,987,Thalassiosira sp.,Diatom,Thalassiosira,sp.,,1,1,24.1,,,i,BSA.11-13,CB,,cylinder,5474.00,,,,,,,,,,Length,12.0,12.0,,,,,,,,,,,,,,,,,,,,,,,,
,,,,,,,,,,,,,,,,,,,,,,,,,,,,,,,,,,,,,,,,Width,24.1,24.1,,,,,,,,,,,,,,,,,,,,,,,,
Phyto,11/17/2021,13:25,E1121B2230,NZ325,3,60,5,8.33%,0.0683,314.159,1.2294,18,51.11,1364,Plagioselmis nannoplanctica,Soft Body,Plagioselmis,nannoplanctica,,1,1,9.3,,,i,BSA.11-13,CB,,cone + half sphere,337.38,,,,,,,,,,Length,9.3,9.3,,,,,,,,,,,,,,,,,,,,,,,,
,,,,,,,,,,,,,,,,,,,,,,,,,,,,,,,,,,,,,,,,Width,5.6,5.6,,,,,,,,,,,,,,,,,,,,,,,,
Phyto,11/17/2021,13:25,E1121B2230,NZ325,3,60,5,8.33%,0.0683,314.159,1.2294,18,51.11,1419,Eucapsis microscopica,Soft Body,Eucapsis,microscopica,,413,826,0.8,0.8,0.8,c,BSA.11-13,CB,,sphere,0.18,0.18,0.18,0.18,0.18,0.18,0.18,0.18,0.18,0.18,Length,0.8,0.7,0.7,0.7,0.7,0.7,0.7,0.7,0.7,0.7,0.7,0.7,0.7,0.8,0.8,0.8,0.8,0.8,0.8,0.8,0.8,0.8,0.8,0.8,0.8,0.8
,,,,,,,,,,,,,,,,,,,,,,,,,,,,,,,,,,,,,,,,,,,,,,,,,,,,,,,,,,,,,,,,,,
Phyto,11/16/2021,12:35,E11211B2181,NZS42,3,60,2,3.33%,0.0683,314.159,1.2294,18,127.77,190,cf. Cyclotella sp.,Diatom,Cyclotella,sp.,,3,3,13,,,i,BSA.11-14,CB,High sediment and detritus.,cylinder,377.19,,,,,,,,,,Length,4.9,3.7,6.3,4.6,,,,,,,,,,,,,,,,,,,,,,
,,,,,,,,,,,,,,,,,,,,,,,,,,,,,,,,,,,,,,,,Width,9.9,7.4,13.0,9.3,,,,,,,,,,,,,,,,,,,,,,
Phyto,11/16/2021,12:35,E11211B2181,NZS42,3,60,2,3.33%,0.0683,314.159,1.2294,18,127.77,749,Nitzschia sp.,Diatom,Nitzschia,sp.,,1,1,16.7,,,i,BSA.11-14,CB,High sediment and detritus.,prism on parallelogram,58.70,,,,,,,,,,Length,16.7,16.7,,,,,,,,,,,,,,,,,,,,,,,,
,,,,,,,,,,,,,,,,,,,,,,,,,,,,,,,,,,,,,,,,Width,3.7,3.7,,,,,,,,,,,,,,,,,,,,,,,,
,,,,,,,,,,,,,,,,,,,,,,,,,,,,,,,,,,,,,,,,Depth,1.9,1.9,,,,,,,,,,,,,,,,,,,,,,,,
Phyto,11/16/2021,12:35,E11211B2181,NZS42,3,60,2,3.33%,0.0683,314.159,1.2294,18,127.77,987,Thalassiosira sp.,Diatom,Thalassiosira,sp.,,1,1,16.7,,,i,BSA.11-14,CB,High sediment and detritus.,cylinder,1818.03,,,,,,,,,,Length,8.3,8.3,,,,,,,,,,,,,,,,,,,,,,,,
,,,,,,,,,,,,,,,,,,,,,,,,,,,,,,,,,,,,,,,,Width,16.7,16.7,,,,,,,,,,,,,,,,,,,,,,,,
Phyto,11/16/2021,12:35,E11211B2181,NZS42,3,60,2,3.33%,0.0683,314.159,1.2294,18,127.77,1419,Eucapsis microscopica,Soft Body,Eucapsis,microscopica,,404,808,0.8,0.8,0.8,c,BSA.11-14,CB,High sediment and detritus.,sphere,0.18,0.18,0.18,0.18,0.18,0.18,0.18,0.18,0.18,0.18,Length,0.8,0.7,0.7,0.7,0.7,0.7,0.7,0.7,0.7,0.7,0.7,0.7,0.7,0.8,0.8,0.8,0.8,0.8,0.8,0.8,0.8,0.8,0.8,0.8,0.8,0.8
Phyto,11/9/2021,12:45,E1121B2011,D28A,3,61,7,11.48%,0.0683,314.159,1.1611,17,38.65,145,Cocconeis placentula,Diatom,Cocconeis,placentula,,5,5,27.8,,,i,BSA.11-15,CB,,elliptic prism,1175.61,,,,,,,,,,Length,21.5,24.1,27.8,24.1,16.7,14.8,,,,,,,,,,,,,,,,,,,,
,,,,,,,,,,,,,,,,,,,,,,,,,,,,,,,,,,,,,,,,Width,11.8,14.8,11.1,14.8,11.1,7.4,,,,,,,,,,,,,,,,,,,,
,,,,,,,,,,,,,,,,,,,,,,,,,,,,,,,,,,,,,,,,Depth,5.9,7.4,5.5,7.4,5.3,3.7,,,,,,,,,,,,,,,,,,,,
Phyto,11/9/2021,12:45,E1121B2011,D28A,3,61,7,11.48%,0.0683,314.159,1.1611,17,38.65,190,cf. Cyclotella sp.,Diatom,Cyclotella,sp.,,3,3,13,,,i,BSA.11-15,CB,,cylinder,299.18,,,,,,,,,,Length,4.6,6.5,4.6,2.8,,,,,,,,,,,,,,,,,,,,,,
,,,,,,,,,,,,,,,,,,,,,,,,,,,,,,,,,,,,,,,,Width,9.1,13.0,9.3,5.0,,,,,,,,,,,,,,,,,,,,,,
Phyto,11/9/2021,12:45,E1121B2011,D28A,3,61,7,11.48%,0.0683,314.159,1.1611,17,38.65,273,Diatoma sp.,Diatom,Diatoma,sp.,,1,1,18.5,,,i,BSA.11-15,CB,,elliptic prism,378.21,,,,,,,,,,Length,18.5,18.5,,,,,,,,,,,,,,,,,,,,,,,,
,,,,,,,,,,,,,,,,,,,,,,,,,,,,,,,,,,,,,,,,Width,13.7,13.7,,,,,,,,,,,,,,,,,,,,,,,,
,,,,,,,,,,,,,,,,,,,,,,,,,,,,,,,,,,,,,,,,Depth,1.9,1.9,,,,,,,,,,,,,,,,,,,,,,,,
Phyto,11/9/2021,12:45,E1121B2011,D28A,3,61,7,11.48%,0.0683,314.159,1.1611,17,38.65,481,Gyrosigma sp.,Diatom,Gyrosigma,sp.,,1,1,159.3,,,i,BSA.11-15,CB,,prism on parallelogram,11040.29,,,,,,,,,,Length,159.3,159.3,,,,,,,,,,,,,,,,,,,,,,,,
,,,,,,,,,,,,,,,,,,,,,,,,,,,,,,,,,,,,,,,,Width,16.7,16.7,,,,,,,,,,,,,,,,,,,,,,,,
,,,,,,,,,,,,,,,,,,,,,,,,,,,,,,,,,,,,,,,,Depth,8.3,8.3,,,,,,,,,,,,,,,,,,,,,,,,
Phyto,11/9/2021,12:45,E1121B2011,D28A,3,61,7,11.48%,0.0683,314.159,1.1611,17,38.65,631,Navicula sp.,Diatom,Navicula,sp.,,2,2,18.5,,,i,BSA.11-15,CB,,elliptic prism,139.98,,,,,,,,,,Length,15.8,18.5,13.0,,,,,,,,,,,,,,,,,,,,,,,
,,,,,,,,,,,,,,,,,,,,,,,,,,,,,,,,,,,,,,,,Width,4.7,3.7,5.6,,,,,,,,,,,,,,,,,,,,,,,
,,,,,,,,,,,,,,,,,,,,,,,,,,,,,,,,,,,,,,,,Depth,2.4,1.9,2.8,,,,,,,,,,,,,,,,,,,,,,,
Phyto,11/9/2021,12:45,E1121B2011,D28A,3,61,7,11.48%,0.0683,314.159,1.1611,17,38.65,749,Nitzschia sp.,Diatom,Nitzschia,sp.,,1,1,83.3,,,i,BSA.11-15,CB,,prism on parallelogram,1140.38,,,,,,,,,,Length,83.3,83.3,,,,,,,,,,,,,,,,,,,,,,,,
,,,,,,,,,,,,,,,,,,,,,,,,,,,,,,,,,,,,,,,,Width,7.4,7.4,,,,,,,,,,,,,,,,,,,,,,,,
,,,,,,,,,,,,,,,,,,,,,,,,,,,,,,,,,,,,,,,,Depth,3.7,3.7,,,,,,,,,,,,,,,,,,,,,,,,
Phyto,11/9/2021,12:45,E1121B2011,D28A,3,61,7,11.48%,0.0683,314.159,1.1611,17,38.65,895,Skeletonema sp.,Diatom,Skeletonema,sp.,,1,1,9.3,,,i,BSA.11-15,CB,,cylinder + 2 half spheres,99.99,,,,,,,,,,Length,9.3,9.3,,,,,,,,,,,,,,,,,,,,,,,,
,,,,,,,,,,,,,,,,,,,,,,,,,,,,,,,,,,,,,,,,Width,3.7,3.7,,,,,,,,,,,,,,,,,,,,,,,,
Phyto,11/9/2021,12:45,E1121B2011,D28A,3,61,7,11.48%,0.0683,314.159,1.1611,17,38.65,1235,Scenedesmus sp.,Soft Body,Scenedesmus,sp.,,1,2,24,,,c,BSA.11-15,CB,,prolate spheroid,50.27,,,,,,,,,,Length,5.6,5.6,5.6,,,,,,,,,,,,,,,,,,,,,,,
,,,,,,,,,,,,,,,,,,,,,,,,,,,,,,,,,,,,,,,,Width,3.7,3.7,3.7,,,,,,,,,,,,,,,,,,,,,,,
Phyto,11/9/2021,12:45,E1121B2011,D28A,3,61,7,11.48%,0.0683,314.159,1.1611,17,38.65,1352,Cryptomonas sp.,Soft Body,Cryptomonas,sp.,,1,1,13,,,i,BSA.11-15,CB,,prolate spheroid,287.59,,,,,,,,,,Length,13.0,13.0,,,,,,,,,,,,,,,,,,,,,,,,
,,,,,,,,,,,,,,,,,,,,,,,,,,,,,,,,,,,,,,,,Width,6.5,6.5,,,,,,,,,,,,,,,,,,,,,,,,
Phyto,11/9/2021,12:45,E1121B2011,D28A,3,61,7,11.48%,0.0683,314.159,1.1611,17,38.65,1364,Plagioselmis nannoplanctica,Soft Body,Plagioselmis,nannoplanctica,,14,14,9.3,,,i,BSA.11-15,CB,,cone + half sphere,183.17,,,,,,,,,,Length,7.8,7.4,7.4,7.4,7.4,9.3,,,,,,,,,,,,,,,,,,,,
,,,,,,,,,,,,,,,,,,,,,,,,,,,,,,,,,,,,,,,,Width,3.7,3.7,3.7,3.7,3.7,3.7,,,,,,,,,,,,,,,,,,,,
Phyto,11/9/2021,12:45,E1121B2011,D28A,3,61,7,11.48%,0.0683,314.159,1.1611,17,38.65,1419,Eucapsis microscopica,Soft Body,Eucapsis,microscopica,,378,756,0.8,0.8,0.8,c,BSA.11-15,CB,,sphere,0.18,0.18,0.18,0.18,0.18,0.18,0.18,0.18,0.18,0.18,Length,0.8,0.7,0.7,0.7,0.7,0.7,0.7,0.7,0.7,0.7,0.7,0.7,0.7,0.8,0.8,0.8,0.8,0.8,0.8,0.8,0.8,0.8,0.8,0.8,0.8,0.8
Phyto,11/9/2021,12:45,E1121B2011,D28A,3,61,7,11.48%,0.0683,314.159,1.1611,17,38.65,1709,Planktolyngbya sp.,Soft Body,Planktolyngbya,sp.,,1,13,2,,,f,BSA.11-15,CB,,cylinder,1.57,,,,,,,,,,Length,2.0,2.0,2.0,2.0,2.0,2.0,,,,,,,,,,,,,,,,,,,,
,,,,,,,,,,,,,,,,,,,,,,,,,,,,,,,,,,,,,,,,Width,1.0,1.0,1.0,1.0,1.0,1.0,,,,,,,,,,,,,,,,,,,,
Phyto,11/12/2021,12:30,E1121B2104,EZ6,3,60,2,3.33%,0.0683,314.159,1.366,20,114.99,145,Cocconeis placentula,Diatom,Cocconeis,placentula,,1,1,22.2,,,i,BSA.11-16,CB,,elliptic prism,1473.33,,,,,,,,,,Length,22.2,22.2,,,,,,,,,,,,,,,,,,,,,,,,
,,,,,,,,,,,,,,,,,,,,,,,,,,,,,,,,,,,,,,,,Width,13.0,13.0,,,,,,,,,,,,,,,,,,,,,,,,
,,,,,,,,,,,,,,,,,,,,,,,,,,,,,,,,,,,,,,,,Depth,6.5,6.5,,,,,,,,,,,,,,,,,,,,,,,,
Phyto,11/12/2021,12:30,E1121B2104,EZ6,3,60,2,3.33%,0.0683,314.159,1.366,20,114.99,190,cf. Cyclotella sp.,Diatom,Cyclotella,sp.,,3,3,6.8,,,i,BSA.11-16,CB,,cylinder,123.48,,,,,,,,,,Length,3.4,4.6,2.8,2.8,,,,,,,,,,,,,,,,,,,,,,
,,,,,,,,,,,,,,,,,,,,,,,,,,,,,,,,,,,,,,,,Width,6.8,9.3,5.6,5.6,,,,,,,,,,,,,,,,,,,,,,
Phyto,11/12/2021,12:30,E1121B2104,EZ6,3,60,2,3.33%,0.0683,314.159,1.366,20,114.99,749,Nitzschia sp.,Diatom,Nitzschia,sp.,,2,2,18.5,,,i,BSA.11-16,CB,,prism on parallelogram,32.19,,,,,,,,,,Length,14.8,11.1,18.5,,,,,,,,,,,,,,,,,,,,,,,
,,,,,,,,,,,,,,,,,,,,,,,,,,,,,,,,,,,,,,,,Width,2.9,2.0,3.7,,,,,,,,,,,,,,,,,,,,,,,
,,,,,,,,,,,,,,,,,,,,,,,,,,,,,,,,,,,,,,,,Depth,1.5,1.0,1.9,,,,,,,,,,,,,,,,,,,,,,,
Phyto,11/12/2021,12:30,E1121B2104,EZ6,3,60,2,3.33%,0.0683,314.159,1.366,20,114.99,1364,Plagioselmis nannoplanctica,Soft Body,Plagioselmis,nannoplanctica,,2,2,7.4,,,i,BSA.11-16,CB,,cone + half sphere,159.13,,,,,,,,,,Length,7.4,7.4,7.4,,,,,,,,,,,,,,,,,,,,,,,
,,,,,,,,,,,,,,,,,,,,,,,,,,,,,,,,,,,,,,,,Width,3.7,3.7,3.7,,,,,,,,,,,,,,,,,,,,,,,
Phyto,11/12/2021,12:30,E1121B2104,EZ6,3,60,2,3.33%,0.0683,314.159,1.366,20,114.99,1419,Eucapsis microscopica,Soft Body,Eucapsis,microscopica,,403,806,0.8,0.8,0.8,c,BSA.11-16,CB,,sphere,0.18,0.18,0.18,0.18,0.18,0.18,0.18,0.18,0.18,0.18,Length,0.8,0.7,0.7,0.7,0.7,0.7,0.7,0.7,0.7,0.7,0.7,0.7,0.7,0.8,0.8,0.8,0.8,0.8,0.8,0.8,0.8,0.8,0.8,0.8,0.8,0.8
Phyto,11/15/2021,13:15,E1121B2139,D8,3,60,2,3.33%,0.0683,314.159,1.2977,19,121.04,190,Cyclotella sp.,Diatom,Cyclotella,sp.,,3,3,9.3,,,i,BSA.11-17,CB,,cylinder,255.62,,,,,,,,,,Length,4.3,4.6,4.6,3.7,,,,,,,,,,,,,,,,,,,,,,
,,,,,,,,,,,,,,,,,,,,,,,,,,,,,,,,,,,,,,,,Width,8.7,9.3,9.3,7.4,,,,,,,,,,,,,,,,,,,,,,
Phyto,11/15/2021,13:15,E1121B2139,D8,3,60,2,3.33%,0.0683,314.159,1.2977,19,121.04,870,cf. Pseudostaurosira sp.,Diatom,Pseudostaurosira,sp.,,1,1,7.4,,,i,BSA.11-17,CB,,box,91.13,,,,,,,,,,Length,7.4,7.4,,,,,,,,,,,,,,,,,,,,,,,,
,,,,,,,,,,,,,,,,,,,,,,,,,,,,,,,,,,,,,,,,Width,5.6,5.6,,,,,,,,,,,,,,,,,,,,,,,,
,,,,,,,,,,,,,,,,,,,,,,,,,,,,,,,,,,,,,,,,Depth,2.8,2.8,,,,,,,,,,,,,,,,,,,,,,,,
Phyto,11/15/2021,13:15,E1121B2139,D8,3,60,2,3.33%,0.0683,314.159,1.2977,19,121.04,1364,Plagioselmis nannoplanctica,Soft Body,Plagioselmis,nannoplanctica,,1,1,9.3,,,i,BSA.11-17,CB,,cone + half sphere,294.36,,,,,,,,,,Length,9.3,9.3,,,,,,,,,,,,,,,,,,,,,,,,
,,,,,,,,,,,,,,,,,,,,,,,,,,,,,,,,,,,,,,,,Width,3.7,3.7,,,,,,,,,,,,,,,,,,,,,,,,
Phyto,11/15/2021,13:15,E1121B2139,D8,3,60,2,3.33%,0.0683,314.159,1.2977,19,121.04,1419,Eucapsis microscopica,Soft Body,Eucapsis,microscopica,,398,786,0.8,0.8,0.8,c,BSA.11-17,CB,,sphere,0.18,0.18,0.18,0.18,0.18,0.18,0.18,0.18,0.18,0.18,Length,0.8,0.7,0.7,0.7,0.7,0.7,0.7,0.7,0.7,0.7,0.7,0.7,0.7,0.8,0.8,0.8,0.8,0.8,0.8,0.8,0.8,0.8,0.8,0.8,0.8,0.8
Phyto,11/19/2021,12:00,MC TOW,D19,3,54,0.5,0.93%,0.0683,314.159,1.2294,18,511.08,91,Aulacoseira cf. granulata,Diatom,Aulacoseira,granulata,,29,29,33.3,,,i,BSA.11-18,CB,,cylinder,1405.98,,,,,,,,,,Length,22.6,31.5,18.5,33.3,14.8,14.8,,,,,,,,,,,,,,,,,,,,
,,,,,,,,,,,,,,,,,,,,,,,,,,,,,,,,,,,,,,,,Width,8.9,9.3,13.0,7.4,7.4,7.4,,,,,,,,,,,,,,,,,,,,
Phyto,11/19/2021,12:00,MC TOW,D19,3,54,0.5,0.93%,0.0683,314.159,1.2294,18,511.08,145,Cocconeis placentula,Diatom,Cocconeis,placentula,,8,8,29.6,,,i,BSA.11-18,CB,,elliptic prism,1868.20,,,,,,,,,,Length,24.1,25.9,16.7,18.5,29.6,29.6,,,,,,,,,,,,,,,,,,,,
,,,,,,,,,,,,,,,,,,,,,,,,,,,,,,,,,,,,,,,,Width,14.1,14.8,13.0,13.0,11.1,18.5,,,,,,,,,,,,,,,,,,,,
,,,,,,,,,,,,,,,,,,,,,,,,,,,,,,,,,,,,,,,,Depth,7.0,7.4,6.5,6.5,5.5,9.2,,,,,,,,,,,,,,,,,,,,
Phyto,11/19/2021,12:00,MC TOW,D19,3,54,0.5,0.93%,0.0683,314.159,1.2294,18,511.08,190,cf. Cyclotella sp.,Diatom,Cyclotella,sp.,,3,3,22.2,,,i,BSA.11-18,CB,,cylinder,748.73,,,,,,,,,,Length,6.2,11.1,2.8,4.6,,,,,,,,,,,,,,,,,,,,,,
,,,,,,,,,,,,,,,,,,,,,,,,,,,,,,,,,,,,,,,,Width,12.4,22.2,5.6,9.3,,,,,,,,,,,,,,,,,,,,,,
Phyto,11/19/2021,12:00,MC TOW,D19,3,54,0.5,0.93%,0.0683,314.159,1.2294,18,511.08,749,Nitzschia sp.,Diatom,Nitzschia,sp.,,4,4,111.1,,,i,BSA.11-18,CB,,prism on parallelogram,893.96,,,,,,,,,,Length,65.3,46.3,111.1,85.2,18.5,,,,,,,,,,,,,,,,,,,,,
,,,,,,,,,,,,,,,,,,,,,,,,,,,,,,,,,,,,,,,,Width,7.4,7.4,9.3,7.4,5.6,,,,,,,,,,,,,,,,,,,,,
,,,,,,,,,,,,,,,,,,,,,,,,,,,,,,,,,,,,,,,,Depth,3.7,3.7,4.6,3.7,2.8,,,,,,,,,,,,,,,,,,,,,
Phyto,11/19/2021,12:00,MC TOW,D19,3,54,0.5,0.93%,0.0683,314.159,1.2294,18,511.08,1005,Ulnaria sp.,Diatom,Ulnaria,sp.,,10,10,351.5,,,i,BSA.11-18,CB,,elliptic prism,23327.68,,,,,,,,,,Length,351.5,351.5,351.5,351.5,351.5,351.5,,,,,,,,,,,,,,,,,,,,
,,,,,,,,,,,,,,,,,,,,,,,,,,,,,,,,,,,,,,,,Width,13.0,13.0,13.0,13.0,13.0,13.0,,,,,,,,,,,,,,,,,,,,
,,,,,,,,,,,,,,,,,,,,,,,,,,,,,,,,,,,,,,,,Depth,6.5,6.5,6.5,6.5,6.5,6.5,,,,,,,,,,,,,,,,,,,,
Phyto,11/19/2021,12:00,MC TOW,D19,3,54,0.5,0.93%,0.0683,314.159,1.2294,18,511.08,1419,Eucapsis microscopica,Soft Body,Eucapsis,microscopica,,351,702,0.8,0.8,0.8,c,BSA.11-18,CB,,sphere,0.18,0.18,0.18,0.18,0.18,0.18,0.18,0.18,0.18,0.18,Length,0.8,0.7,0.7,0.7,0.7,0.7,0.7,0.7,0.7,0.7,0.7,0.7,0.7,0.8,0.8,0.8,0.8,0.8,0.8,0.8,0.8,0.8,0.8,0.8,0.8,0.8
Phyto,11/15/2021,12:15,E1121B2138,D6,3,59,2,3.39%,0.0683,314.159,1.2294,18,127.77,190,cf. Cyclotella sp.,Diatom,Cyclotella,sp.,,4,4,16.7,,,i,BSA.11-19,CB,,cylinder,862.76,,,,,,,,,,Length,6.5,4.6,6.5,8.3,6.5,,,,,,,,,,,,,,,,,,,,,
,,,,,,,,,,,,,,,,,,,,,,,,,,,,,,,,,,,,,,,,Width,13.0,9.3,13.0,16.7,13.0,,,,,,,,,,,,,,,,,,,,,
Phyto,11/15/2021,12:15,E1121B2138,D6,3,59,2,3.39%,0.0683,314.159,1.2294,18,127.77,1138,Monoraphidium sp.,Soft Body,Monoraphidium,sp.,,1,1,24.1,,,i,BSA.11-19,CB,,2 cones,45.55,,,,,,,,,,Length,24.1,24.1,,,,,,,,,,,,,,,,,,,,,,,,
,,,,,,,,,,,,,,,,,,,,,,,,,,,,,,,,,,,,,,,,Width,1.9,1.9,,,,,,,,,,,,,,,,,,,,,,,,
Phyto,11/15/2021,12:15,E1121B2138,D6,3,59,2,3.39%,0.0683,314.159,1.2294,18,127.77,1419,Eucapsis microscopica,Soft Body,Eucapsis,microscopica,,398,796,0.8,0.8,0.8,c,BSA.11-19,CB,,sphere,0.18,0.18,0.18,0.18,0.18,0.18,0.18,0.18,0.18,0.18,Length,0.8,0.7,0.7,0.7,0.7,0.7,0.7,0.7,0.7,0.7,0.7,0.7,0.7,0.8,0.8,0.8,0.8,0.8,0.8,0.8,0.8,0.8,0.8,0.8,0.8,0.8
Phyto,11/12/2021,11:50,E1121B2072,D4,3,61,3,4.92%,0.0683,314.159,1.2294,18,85.18,147,Cocconeis sp.,Diatom,Cocconeis,sp.,,1,1,20.4,,,i,BSA.11-20,CB,,elliptic prism,714.91,,,,,,,,,,Length,20.4,20.4,,,,,,,,,,,,,,,,,,,,,,,,
,,,,,,,,,,,,,,,,,,,,,,,,,,,,,,,,,,,,,,,,Width,9.7,9.7,,,,,,,,,,,,,,,,,,,,,,,,
,,,,,,,,,,,,,,,,,,,,,,,,,,,,,,,,,,,,,,,,Depth,4.6,4.6,,,,,,,,,,,,,,,,,,,,,,,,
Phyto,11/12/2021,11:50,E1121B2072,D4,3,61,3,4.92%,0.0683,314.159,1.2294,18,85.18,1352,Cryptomonas sp.,Soft Body,Cryptomonas,sp.,,4,4,13,,,i,BSA.11-20,CB,,prolate spheroid,184.74,,,,,,,,,,Length,12.1,13.0,11.1,13.0,11.1,,,,,,,,,,,,,,,,,,,,,
,,,,,,,,,,,,,,,,,,,,,,,,,,,,,,,,,,,,,,,,Width,5.4,4.7,5.6,5.6,5.6,,,,,,,,,,,,,,,,,,,,,
Phyto,11/12/2021,11:50,E1121B2072,D4,3,61,3,4.92%,0.0683,314.159,1.2294,18,85.18,1364,Plagioselmis nannoplanctica,Soft Body,Plagioselmis,nannoplanctica,,1,1,5.6,,,i,BSA.11-20,CB,,cone + half sphere,76.35,,,,,,,,,,Length,5.6,5.6,,,,,,,,,,,,,,,,,,,,,,,,
,,,,,,,,,,,,,,,,,,,,,,,,,,,,,,,,,,,,,,,,Width,3.7,3.7,,,,,,,,,,,,,,,,,,,,,,,,
Phyto,11/12/2021,11:50,E1121B2072,D4,3,61,3,4.92%,0.0683,314.159,1.2294,18,85.18,1419,Eucapsis microscopica,Soft Body,Eucapsis,microscopica,,402,804,0.8,0.8,0.8,c,BSA.11-20,CB,,sphere,0.18,0.18,0.18,0.18,0.18,0.18,0.18,0.18,0.18,0.18,Length,0.8,0.7,0.7,0.7,0.7,0.7,0.7,0.7,0.7,0.7,0.7,0.7,0.7,0.8,0.8,0.8,0.8,0.8,0.8,0.8,0.8,0.8,0.8,0.8,0.8,0.8
Phyto,11/16/2021,13:45,E1121B2182,NZ032,3,58,2,3.45%,0.0683,314.159,1.2294,18,127.77,190,cf. Cyclotella sp.,Diatom,Cyclotella,sp.,,1,1,14.8,,,i,BSA.11-21,CB,,cylinder,1273.05,,,,,,,,,,Length,7.4,7.4,,,,,,,,,,,,,,,,,,,,,,,,
,,,,,,,,,,,,,,,,,,,,,,,,,,,,,,,,,,,,,,,,Width,14.8,14.8,,,,,,,,,,,,,,,,,,,,,,,,
Phyto,11/16/2021,13:45,E1121B2182,NZ032,3,58,2,3.45%,0.0683,314.159,1.2294,18,127.77,1419,Eucapsis microscopica,Soft Body,Eucapsis,microscopica,,399,798,0.8,0.8,0.8,c,BSA.11-21,CB,,sphere,0.18,0.18,0.18,0.18,0.18,0.18,0.18,0.18,0.18,0.18,Length,0.8,0.7,0.7,0.7,0.7,0.7,0.7,0.7,0.7,0.7,0.7,0.7,0.7,0.8,0.8,0.8,0.8,0.8,0.8,0.8,0.8,0.8,0.8,0.8,0.8,0.8
Phyto,11/15/2021,14:00,E1121B2140,D10,3,60,1,1.67%,0.0683,314.159,1.4343,21,219.03,190,cf. Cyclotella sp.,Diatom,Cyclotella,sp.,,1,1,5.6,,,i,BSA.11-22,CB,,cylinder,68.96,,,,,,,,,,Length,2.8,2.8,,,,,,,,,,,,,,,,,,,,,,,,
,,,,,,,,,,,,,,,,,,,,,,,,,,,,,,,,,,,,,,,,Width,5.6,5.6,,,,,,,,,,,,,,,,,,,,,,,,
Phyto,11/15/2021,14:00,E1121B2140,D10,3,60,1,1.67%,0.0683,314.159,1.4343,21,219.03,319,Entomoneis sp.,Diatom,Entomoneis,sp.,,1,1,31.5,,,i,BSA.11-22,CB,,elliptic prism,2709.53,,,,,,,,,,Length,31.5,31.5,,,,,,,,,,,,,,,,,,,,,,,,
,,,,,,,,,,,,,,,,,,,,,,,,,,,,,,,,,,,,,,,,Width,14.8,14.8,,,,,,,,,,,,,,,,,,,,,,,,
,,,,,,,,,,,,,,,,,,,,,,,,,,,,,,,,,,,,,,,,Depth,7.4,7.4,,,,,,,,,,,,,,,,,,,,,,,,
Phyto,11/15/2021,14:00,E1121B2140,D10,3,60,1,1.67%,0.0683,314.159,1.4343,21,219.03,1419,Eucapsis microscopica,Soft Body,Eucapsis,microscopica,,408,816,0.8,0.8,0.8,c,BSA.11-22,CB,,sphere,0.18,0.18,0.18,0.18,0.18,0.18,0.18,0.18,0.18,0.18,Length,0.8,0.7,0.7,0.7,0.7,0.7,0.7,0.7,0.7,0.7,0.7,0.7,0.7,0.8,0.8,0.8,0.8,0.8,0.8,0.8,0.8,0.8,0.8,0.8,0.8,0.8
Phyto,11/17/2021,10:55,E1121B2228,D41A,3,61,3,4.92%,0.0683,314.159,1.366,20,76.66,190,Cyclotella sp.,Diatom,Cyclotella,sp.,,5,5,9.3,,,i,BSA.11-23,CB,,cylinder,186.36,,,,,,,,,,Length,3.9,4.6,3.7,4.6,2.8,3.7,,,,,,,,,,,,,,,,,,,,
,,,,,,,,,,,,,,,,,,,,,,,,,,,,,,,,,,,,,,,,Width,7.8,9.3,7.4,9.3,5.6,7.4,,,,,,,,,,,,,,,,,,,,
Phyto,11/17/2021,10:55,E1121B2228,D41A,3,61,3,4.92%,0.0683,314.159,1.366,20,76.66,631,Navicula sp.,Diatom,Navicula,sp.,,2,2,55.6,,,i,BSA.11-23,CB,,elliptic prism,1666.94,,,,,,,,,,Length,40.8,55.6,25.9,,,,,,,,,,,,,,,,,,,,,,,
,,,,,,,,,,,,,,,,,,,,,,,,,,,,,,,,,,,,,,,,Width,10.2,14.8,5.6,,,,,,,,,,,,,,,,,,,,,,,
,,,,,,,,,,,,,,,,,,,,,,,,,,,,,,,,,,,,,,,,Depth,5.1,7.4,2.8,,,,,,,,,,,,,,,,,,,,,,,
Phyto,11/17/2021,10:55,E1121B2228,D41A,3,61,3,4.92%,0.0683,314.159,1.366,20,76.66,1364,Plagioselmis nannoplanctica,Soft Body,Plagioselmis,nannoplanctica,,1,1,9.3,,,i,BSA.11-23,CB,,cone + half sphere,337.38,,,,,,,,,,Length,9.3,9.3,,,,,,,,,,,,,,,,,,,,,,,,
,,,,,,,,,,,,,,,,,,,,,,,,,,,,,,,,,,,,,,,,Width,5.6,5.6,,,,,,,,,,,,,,,,,,,,,,,,
Phyto,11/17/2021,10:55,E1121B2228,D41A,3,61,3,4.92%,0.0683,314.159,1.366,20,76.66,1419,Eucapsis microscopica,Soft Body,Eucapsis,microscopica,,393,786,0.8,0.8,0.8,c,BSA.11-23,CB,,sphere,0.18,0.18,0.18,0.18,0.18,0.18,0.18,0.18,0.18,0.18,Length,0.8,0.7,0.7,0.7,0.7,0.7,0.7,0.7,0.7,0.7,0.7,0.7,0.7,0.8,0.8,0.8,0.8,0.8,0.8,0.8,0.8,0.8,0.8,0.8,0.8,0.8
Phyto,11/12/2021,14:40,E1121B2074,NZ068,3,61,5,8.20%,0.0683,314.159,1.0928,16,57.50,145,Cocconeis placentula,Diatom,Cocconeis,placentula,,3,3,18.5,,,i,BSA.11-24,CB,,elliptic prism,609.59,,,,,,,,,,Length,16.0,18.5,14.8,14.8,,,,,,,,,,,,,,,,,,,,,,
,,,,,,,,,,,,,,,,,,,,,,,,,,,,,,,,,,,,,,,,Width,9.9,13.0,9.3,7.4,,,,,,,,,,,,,,,,,,,,,,
,,,,,,,,,,,,,,,,,,,,,,,,,,,,,,,,,,,,,,,,Depth,4.9,6.5,4.6,3.7,,,,,,,,,,,,,,,,,,,,,,
Phyto,11/12/2021,14:40,E1121B2074,NZ068,3,61,5,8.20%,0.0683,314.159,1.0928,16,57.50,190,cf. Cyclotella sp.,Diatom,Cyclotella,sp.,,3,3,16.7,,,i,BSA.11-24,CB,,cylinder,748.73,,,,,,,,,,Length,6.2,8.3,2.8,7.4,,,,,,,,,,,,,,,,,,,,,,
,,,,,,,,,,,,,,,,,,,,,,,,,,,,,,,,,,,,,,,,Width,12.4,16.7,5.6,14.8,,,,,,,,,,,,,,,,,,,,,,
Phyto,11/12/2021,14:40,E1121B2074,NZ068,3,61,5,8.20%,0.0683,314.159,1.0928,16,57.50,1811,Gyrosigma cf. fasciola,Diatom,Gyrosigma,fasciola,,1,1,116.7,,,i,BSA.11-24,CB,,prism on parallelogram,4930.58,,,,,,,,,,Length,116.7,116.7,,,,,,,,,,,,,,,,,,,,,,,,
,,,,,,,,,,,,,,,,,,,,,,,,,,,,,,,,,,,,,,,,Width,13.0,13.0,,,,,,,,,,,,,,,,,,,,,,,,
,,,,,,,,,,,,,,,,,,,,,,,,,,,,,,,,,,,,,,,,Depth,6.5,6.5,,,,,,,,,,,,,,,,,,,,,,,,
Phyto,11/12/2021,14:40,E1121B2074,NZ068,3,61,5,8.20%,0.0683,314.159,1.0928,16,57.50,749,Nitzschia sp.,Diatom,Nitzschia,sp.,,2,2,98.2,,,i,BSA.11-24,CB,,prism on parallelogram,376.19,,,,,,,,,,Length,66.7,98.2,35.2,,,,,,,,,,,,,,,,,,,,,,,
,,,,,,,,,,,,,,,,,,,,,,,,,,,,,,,,,,,,,,,,Width,4.7,5.6,3.7,,,,,,,,,,,,,,,,,,,,,,,
,,,,,,,,,,,,,,,,,,,,,,,,,,,,,,,,,,,,,,,,Depth,2.4,2.8,1.9,,,,,,,,,,,,,,,,,,,,,,,
Phyto,11/12/2021,14:40,E1121B2074,NZ068,3,61,5,8.20%,0.0683,314.159,1.0928,16,57.50,1138,Monoraphidium sp.,Soft Body,Monoraphidium,sp.,,1,1,7.4,,,i,BSA.11-24,CB,,2 cones,13.99,,,,,,,,,,Length,7.4,7.4,,,,,,,,,,,,,,,,,,,,,,,,
,,,,,,,,,,,,,,,,,,,,,,,,,,,,,,,,,,,,,,,,Width,1.9,1.9,,,,,,,,,,,,,,,,,,,,,,,,
Phyto,11/12/2021,14:40,E1121B2074,NZ068,3,61,5,8.20%,0.0683,314.159,1.0928,16,57.50,1419,Eucapsis microscopica,Soft Body,Eucapsis,microscopica,,394,788,0.8,0.8,0.8,c,BSA.11-24,CB,,sphere,0.18,0.18,0.18,0.18,0.18,0.18,0.18,0.18,0.18,0.18,Length,0.8,0.7,0.7,0.7,0.7,0.7,0.7,0.7,0.7,0.7,0.7,0.7,0.7,0.8,0.8,0.8,0.8,0.8,0.8,0.8,0.8,0.8,0.8,0.8,0.8,0.8
Phyto,11/16/2021,11:35,E1121B2180,D7,3,56,2,3.57%,0.0683,314.159,1.2977,19,121.04,190,cf. Cyclotella sp.,Diatom,Cyclotella,sp.,,6,6,20.4,,,i,BSA.11-25,CB,,cylinder,441.73,,,,,,,,,,Length,5.2,2.8,3.7,10.2,6.5,2.8,,,,,,,,,,,,,,,,,,,,
,,,,,,,,,,,,,,,,,,,,,,,,,,,,,,,,,,,,,,,,Width,10.4,5.6,7.4,20.4,13.0,5.6,,,,,,,,,,,,,,,,,,,,
Phyto,11/16/2021,11:35,E1121B2180,D7,3,56,2,3.57%,0.0683,314.159,1.2977,19,121.04,1419,Eucapsis microscopica,Soft Body,Eucapsis,microscopica,,401,802,0.8,0.8,0.8,c,BSA.11-25,CB,,sphere,0.18,0.18,0.18,0.18,0.18,0.18,0.18,0.18,0.18,0.18,Length,0.8,0.7,0.7,0.7,0.7,0.7,0.7,0.7,0.7,0.7,0.7,0.7,0.7,0.8,0.8,0.8,0.8,0.8,0.8,0.8,0.8,0.8,0.8,0.8,0.8,0.8
Phyto,11/17/2021,13:45,E1121B2231,NZ002,3,58,3,5.17%,0.0683,314.159,1.366,20,76.66,190,cf. Cyclotella sp.,Diatom,Cyclotella,sp.,,6,6,16.7,,,i,BSA.11-26,CB,,cylinder,441.73,,,,,,,,,,Length,5.2,2.8,3.7,8.3,3.7,7.4,,,,,,,,,,,,,,,,,,,,
,,,,,,,,,,,,,,,,,,,,,,,,,,,,,,,,,,,,,,,,Width,10.4,5.6,7.4,16.7,7.4,14.8,,,,,,,,,,,,,,,,,,,,
Phyto,11/17/2021,13:45,E1121B2231,NZ002,3,58,3,5.17%,0.0683,314.159,1.366,20,76.66,1364,Plagioselmis nannoplanctica,Soft Body,Plagioselmis,nannoplanctica,,2,2,9.3,,,i,BSA.11-26,CB,,cone + half sphere,241.99,,,,,,,,,,Length,8.4,7.4,9.3,,,,,,,,,,,,,,,,,,,,,,,
,,,,,,,,,,,,,,,,,,,,,,,,,,,,,,,,,,,,,,,,Width,4.7,3.7,5.6,,,,,,,,,,,,,,,,,,,,,,,
Phyto,11/17/2021,13:45,E1121B2231,NZ002,3,58,3,5.17%,0.0683,314.159,1.366,20,76.66,1419,Eucapsis microscopica,Soft Body,Eucapsis,microscopica,,403,806,0.8,0.8,0.8,c,BSA.11-26,CB,,sphere,0.18,0.18,0.18,0.18,0.18,0.18,0.18,0.18,0.18,0.18,Length,0.8,0.7,0.7,0.7,0.7,0.7,0.7,0.7,0.7,0.7,0.7,0.7,0.7,0.8,0.8,0.8,0.8,0.8,0.8,0.8,0.8,0.8,0.8,0.8,0.8,0.8
Phyto,11/17/2021,14:15,E1121B2232,NZ004,3,58,4,6.90%,0.0683,314.159,2.5271,37,31.08,190,Cyclotella sp.,Diatom,Cyclotella,sp.,,3,3,13,,,i,BSA.11-27,AB,,cylinder,291.94,,,,,,,,,,Length,4.8,4.0,7.4,3.0,,,,,,,,,,,,,,,,,,,,,,
,,,,,,,,,,,,,,,,,,,,,,,,,,,,,,,,,,,,,,,,Width,8.8,7.4,13.0,6.0,,,,,,,,,,,,,,,,,,,,,,
Phyto,11/17/2021,14:15,E1121B2232,NZ004,3,58,4,6.90%,0.0683,314.159,2.5271,37,31.08,1352,Cryptomonas sp.,Soft Body,Cryptomonas,sp.,,1,1,12,,,i,BSA.11-27,AB,,prolate spheroid,265.46,,,,,,,,,,Length,12.0,12.0,,,,,,,,,,,,,,,,,,,,,,,,
,,,,,,,,,,,,,,,,,,,,,,,,,,,,,,,,,,,,,,,,Width,6.5,6.5,,,,,,,,,,,,,,,,,,,,,,,,
Phyto,11/17/2021,14:15,E1121B2232,NZ004,3,58,4,6.90%,0.0683,314.159,2.5271,37,31.08,1364,Plagioselmis nannoplanctica,Soft Body,Plagioselmis,nannoplanctica,,1,1,10.4,,,i,BSA.11-27,AB,,cone + half sphere,453.06,,,,,,,,,,Length,10.4,10.4,,,,,,,,,,,,,,,,,,,,,,,,
,,,,,,,,,,,,,,,,,,,,,,,,,,,,,,,,,,,,,,,,Width,5.6,5.6,,,,,,,,,,,,,,,,,,,,,,,,
Phyto,11/17/2021,14:15,E1121B2232,NZ004,3,58,4,6.90%,0.0683,314.159,2.5271,37,31.08,1419,Eucapsis microscopica,Soft Body,Eucapsis,microscopica,,399,798,0.8,0.8,0.8,c,BSA.11-27,AB,,sphere,0.18,0.18,0.18,0.18,0.18,0.18,0.18,0.18,0.18,0.18,Length,0.8,0.7,0.7,0.7,0.7,0.7,0.7,0.7,0.7,0.7,0.7,0.7,0.7,0.8,0.8,0.8,0.8,0.8,0.8,0.8,0.8,0.8,0.8,0.8,0.8,0.8
Phyto,11/12/2021,13:50,E1121B2105,EZ2,3,59,3,5.08%,0.0683,314.159,1.0928,16,95.83,145,Cocconeis placentula,Diatom,Cocconeis,placentula,,2,2,18.5,,,i,BSA.11-28,AB,High sediment and detritus. Many broken diatoms.,elliptic prism,254.34,,,,,,,,,,Length,17.6,18.5,16.7,,,,,,,,,,,,,,,,,,,,,,,
,,,,,,,,,,,,,,,,,,,,,,,,,,,,,,,,,,,,,,,,Width,9.2,9.3,9.0,,,,,,,,,,,,,,,,,,,,,,,
,,,,,,,,,,,,,,,,,,,,,,,,,,,,,,,,,,,,,,,,Depth,2.0,2.0,2.0,,,,,,,,,,,,,,,,,,,,,,,
Phyto,11/12/2021,13:50,E1121B2105,EZ2,3,59,3,5.08%,0.0683,314.159,1.0928,16,95.83,190,Cyclotella sp.,Diatom,Cyclotella,sp.,,2,2,7.4,,,i,BSA.11-28,AB,High sediment and detritus. Many broken diatoms.,cylinder,116.14,,,,,,,,,,Length,3.5,3.0,4.0,,,,,,,,,,,,,,,,,,,,,,,
,,,,,,,,,,,,,,,,,,,,,,,,,,,,,,,,,,,,,,,,Width,6.5,5.6,7.4,,,,,,,,,,,,,,,,,,,,,,,
Phyto,11/12/2021,13:50,E1121B2105,EZ2,3,59,3,5.08%,0.0683,314.159,1.0928,16,95.83,749,Nitzschia sp.,Diatom,Nitzschia,sp.,,3,3,53.7,,,i,BSA.11-28,AB,High sediment and detritus. Many broken diatoms.,prism on parallelogram,207.64,,,,,,,,,,Length,35.8,20.4,33.3,53.7,,,,,,,,,,,,,,,,,,,,,,
,,,,,,,,,,,,,,,,,,,,,,,,,,,,,,,,,,,,,,,,Width,4.0,4.2,4.0,3.8,,,,,,,,,,,,,,,,,,,,,,
,,,,,,,,,,,,,,,,,,,,,,,,,,,,,,,,,,,,,,,,Depth,2.9,3.0,3.0,2.8,,,,,,,,,,,,,,,,,,,,,,
Phyto,11/12/2021,13:50,E1121B2105,EZ2,3,59,3,5.08%,0.0683,314.159,1.0928,16,95.83,1364,Plagioselmis nannoplanctica,Soft Body,Plagioselmis,nannoplanctica,,2,2,10.4,,,i,BSA.11-28,AB,High sediment and detritus. Many broken diatoms.,cone + half sphere,413.64,,,,,,,,,,Length,10.0,9.5,10.4,,,,,,,,,,,,,,,,,,,,,,,
,,,,,,,,,,,,,,,,,,,,,,,,,,,,,,,,,,,,,,,,Width,5.8,5.6,6.0,,,,,,,,,,,,,,,,,,,,,,,
Phyto,11/12/2021,13:50,E1121B2105,EZ2,3,59,3,5.08%,0.0683,314.159,1.0928,16,95.83,1733,Plagioselmis prolonga,Soft Body,Plagioselmis,prolonga,,2,2,5.6,,,i,BSA.11-28,AB,High sediment and detritus. Many broken diatoms.,cone + half sphere,76.35,,,,,,,,,,Length,5.6,5.6,5.6,,,,,,,,,,,,,,,,,,,,,,,
,,,,,,,,,,,,,,,,,,,,,,,,,,,,,,,,,,,,,,,,Width,3.7,3.7,3.7,,,,,,,,,,,,,,,,,,,,,,,
Phyto,11/12/2021,13:50,E1121B2105,EZ2,3,59,3,5.08%,0.0683,314.159,1.0928,16,95.83,1419,Eucapsis microscopica,Soft Body,Eucapsis,microscopica,,393,786,0.8,0.8,0.8,c,BSA.11-28,AB,High sediment and detritus. Many broken diatoms.,sphere,0.18,0.18,0.18,0.18,0.18,0.18,0.18,0.18,0.18,0.18,Length,0.8,0.7,0.7,0.7,0.7,0.7,0.7,0.7,0.7,0.7,0.7,0.7,0.7,0.8,0.8,0.8,0.8,0.8,0.8,0.8,0.8,0.8,0.8,0.8,0.8,0.8
,,,,,,,,,,,,,,,,,,,,,,,,,,,,,,,,,,,,,,,,,,,,,,,,,,,,,,,,,,,,,,,,,,
