comments,key_word_qc,quality_check,key_word_detritus,debris
NA,NA,NA,,NA
DELETE THIS TAXON FROM THIS SAMPLE,delete,BadData,,NA
single cell,NA,NA,,NA
DELETE THIS TAXA FROM THE DATA SET,delete,BadData,,NA
% analyzed = 7.26923%,NA,NA,,NA
"Heavy detritus, more than normal. No concentration.",,,heavy detritus,High
Leptolyngbya sp. cells to small to discern accurate size.,NA,NA,,NA
large,NA,NA,,NA
High counts due to taxonomist finishing up the present transect.,NA,NA,,NA
"Counts did not reach the target of 400 natural units due to low cell abundance, high detritus, and seasonality.",did not reach,BadData,high detritus,High
"Count did not reach the target of 400 natural units due to low cell abundance, high detritus, and seasonality.",did not reach,BadData,high detritus,High
"Count did not reach the target of 400 natural units due to low cell abundance, high detritus, and sesasonality.",did not reach,BadData,high detritus,High
"Counts did not reach the target of 400 natural units due to low cell abundance, high detritus and seasonality.",did not reach,BadData,high detritus,High
"Moderate sediment and detritus, many diatom fragments.",diatom fragments,Fragment,moderate sediment and detritus,Moderate
"Fragment. Moderate sediment and detritus, many diatom fragments.",diatom fragments,Fragment,moderate sediment and detritus,NA
"Moderate sediment, many diatom fragments.",diatom fragments,Fragment,,
"Fragment. Moderate sediment, diatom fragments.",fragment.,Fragment,,
Moderate sediment.,,,,
"High sediment, moderate detritus, diatom fragments.",diatom fragments,Fragment,moderate detritus,Moderate
"Light sediment and detritus, poor preservation, diatom fragments.",,,light sediment and detritus,Light
"Fragment. Light sediment and detritus, poor preservation, diatom fragments.",,,,
"High sediment, poor preservation, moderate detritus.",poor preservation,PoorlyPreserved,,
"Fragment. High sediment, poor preservation, moderate detritus.",,,,
Fragment. Moderate sediment.,,,,
"Fragment. High detritus, moderate sediment, diatom fragments.",,,,
"High detritus, moderate sediment, diatom fragments.",,,,
"Fragment. High detritus and sediment, diatom fragments.",,,,
"High detritus and sediment, diatom fragments.",,,,
"High detritus and sediment, some broken diatom fragments.",broken diatom fragments,????,,
"Fragment. Very high sediment, moderate detritus, diatom fragments.",,,,
"Very high sediment, moderate detritus, diatom fragments.",,,,
"Fragment. Light sediment and detritus, diatom fragments.",,,,
"Light sediment and detritus, diatom fragments.",,,,
Some soft algae appears degraded.,degraded,PoorlyPreserved,,
Fragment. Some soft algae appears degraded.,degraded,PoorlyPreserved,,
"High sediment, moderate detritus, many diatom fragments.",,,,
"Fragment. High sediment, moderate detritus, many diatom fragments.",,,,
Moderate sediment and detritus.,,,,
Fragment. Moderate sediment and detritus.,,,,
"Fragment. High sediment, moderate detritus, diatom fragments.",,,,
"Fragment. Low detritus, moderate sediment.",,,,
"Low detritus, moderate sediment.",,,,
Fragment. Moderate sediment and detritus; many diatom fragments.,,,,
Moderate sediment and detritus; many diatom fragments.,,,,
"Fragment. Moderate sediment, low detritus, diatom fragments.",,,,
"Moderate sediment, low detritus, diatom fragments.",,,,
"Girdle view. Moderate sediment, low detritus, diatom fragments.",,,,
Fragment. Light sediment and detritus.,,,,
Light sediment and detritus.,,,,
"Fragment. High detritus and sediment, many diatom fragments.",,,,
"High detritus and sediment, many diatom fragments.",,,,
High sediment and detritus.,,,,
Fragment. High sediment and detritus.,,,,
"Fragment. Low sediment, high detritus.",,,,
"Low sediment, high detritus.",,,,
High fine sediment.,,,,
Fragment. High fine sediment.,,,,
Moderate sediment and detritus. Many diatom fragments. Some soft algae appear degraded.,,,,
High sediment. Many diatom fragments.,,,,
Fragment. Low sediment. Few diatom fragments.,,,,
Low sediment. Few diatom fragments.,,,,
Low sediment. Some broken diatom fragments.,,,,
Fragment. Many diatom fragments.,,,,
Many diatom fragments.,,,,
Extremely high sediment and detritus. Many diatom fragments.,,,extremely high sediment and detritus,High
Fragment. Extremely high sediment and detritus. Many diatom fragments.,,,,
"Fragment. Extremely high sediment, detritus, many broken diatoms fragments.",,,,
"Extremely high sediment, detritus, many broken diatoms fragments.",,,,
Very high sediment and detritus. Many diatom fragments.,,,,
Very high detritus and debris. Many diatom fragments.,,,,
Fragment. Very high detritus and debris. Many diatom fragments.,,,,
Moderate sediment and high detritus. Many diatom fragments.,,,,
Fragment. High sediment and detritus. Many diatom fragments.,,,,
High sediment and detritus. Many diatom fragments.,,,,
High detritus and sediment. Many diatom fragments.,,,,
Low sediment. Moderate detritus.,,,,
"Low sediment, moderate detritus, diatom fragments.",,,,
"Fragment. Low sediment, moderate detritus, diatom fragments.",,,,
Fragment. High detritus. Moderate sediment. Diatom fragments.,,,,
High detritus. Moderate sediment. Diatom fragments.,,,,
"Fragment. Moderate detritus, light sediment.",,,,
"(Girdle) Moderate detritus, light sediment.",,,,
"Moderate detritus, light sediment.",,,,
High sediment. Moderate detritus. Diatom fragments.,,,,
Fragment. High sediment. Moderate detritus. Diatom fragments.,,,,
High sediment. Moderate detritus. Broken diatoms.,,,,
Fragment. Low sediment. Moderate detritus. Diatom fragments.,,,,
Low sediment. Moderate detritus. Diatom fragments.,,,,
Fragment. High detritus. Moderate sediment.,,,,
High detritus. Moderate sediment.,,,,
"Fragment. Moderate detritus, diatom fragments.",,,,
"Moderate detritus, diatom fragments.",,,,
High sediment and detritus. Diatom fragments.,,,,
"Fragment. High sediment and very high detritus, diatom fragments.",,,,
"High sediment and very high detritus, diatom fragments.",,,,
"Low sediment, moderate detritus.",,,,
"Fragment. Low sediment, moderate detritus.",,,,
High sediment and moderate detritus.,,,,
Fragment. High sediment and moderate detritus.,,,,
"High sediment, weak preservation, diatom fragments.",weak preservation,PoorlyPreserved,,
"Fragment. High sediment, weak preservation, diatom fragments.",,,,
"High sediment and detritus. Poorly preserved, live organisms observed in sample.",poorly preserved,PoorlyPreserved,,
"Disintigrated and degraded. High sediment and detritus. Poorly preserved, live organisms observed in sample.",poorly preserved,PoorlyPreserved,,
Fragment. Low sediment and detritus.,,,,
Low sediment and detritus.,,,,
"Light sediment and detritus, weak preservation.",,,,
"High sediment and detritus, diatom fragments.",,,,
"Fragment. High sediment and detritus, diatom fragments.",,,,
"Very high sediment, high detritus, diatom fragments.",,,,
"Fragment. Very high sediment, high detritus, diatom fragments.",,,,
"Moderate sediment, high detritus, diatom fragments.",,,,
"Fragment. Moderate sediment, high detritus, diatom fragments.",,,,
Light detritus and sediment. Diatom fragments.,,,,
Fragment. Light detritus and sediment. Diatom fragments.,,,,
"Fragment. High sediment, moderate detritus.",,,,
"High sediment, moderate detritus.",,,,
Fragment. High sediment.,,,,
High sediment.,,,,
Moderate detritus and sediment.,,,,
"Fragment. Heavy detritus, moderate sediment, diatom fragments.",,,,
"Heavy detritus, moderate sediment, diatom fragments.",,,,
Girdle view. Moderate sediment and detritus.,,,,
Fragment.,,,,
Moderate sediment and low detritus.,,,,
Cannot meet natural unit tally in 50 fields. Low detritus.,cannot meet natural unit tally,BadData,,
Fragment. Cannot meet natural unit tally in 50 fields. Low detritus.,,,,
"Fragment. Moderate sediment, low detritus.",,,,
"Moderate sediment, low detritus.",,,,
Low sediment and moderate detritus.,,,,
Fragment. Low sediment and moderate detritus.,,,,
Cannot meet natural unit tally in 50 fields. Low sediment and moderate detritus.,,,,
Diatoms appear degraded. Moderate sediment and low detritus.,,,,
Fragment. Moderate sediment and low detritus.,,,,
Girdle view. Moderate sediment and low detritus.,,,,
Fragment. High sediment and moderate detritus. Many fragmented diatoms.,,,,
High sediment and moderate detritus. Many fragmented diatoms.,,,,
Fragment. High sediment and detritus. Many fragmented diatoms.,,,,
High sediment and detritus. Many fragmented diatoms.,,,,
"Moderate sediment and detritus, fragmented diatoms.",,,,
High sediment and detritus. Ditylum brightwellii spines observed.,,,,
Fragment. High sediment and detritus. Ditylum brightwellii spines observed.,,,,
Moderate sediment and high detritus.,,,,
Fragment. Low sediment and detritus. Many fragmented diatoms.,,,,
Low sediment and detritus. Many fragmented diatoms.,,,,
Low sediment and moderate detritus. Many fragmented diatoms.,,,,
Fragment. Low sediment and moderate detritus. Many fragmented diatoms.,,,,
Fragment. Low sediment. Moderate detritus.,,,,
Low sediment and high detritus. Many fragmented diatoms.,,,,
Fragment. Low sediment and high detritus. Many fragmented diatoms.,,,,
Girdle view. Low sediment and moderate detritus. Many fragmented diatoms.,,,,
High sediment. Moderate detritus.,,,,
Girdle view. Low sediment and moderate detritus.,,,,
"Low sediment and detritus, many fragmented diatoms.",,,,
"Fragment. Low sediment and detritus, many fragmented diatoms.",,,,
Fragment. Moderate sediment and detritus. Many fragmented diatoms.,,,,
Moderate sediment and detritus. Many fragmented diatoms.,,,,
Girdle view. Low sediment and detritus.,,,,
Girdle view. Moderate sediment and detritus. Many fragmented diatoms.,,,,
Degraded. Moderate sediment and detritus. Many fragmented diatoms.,degraded,Degraded,,
Degraded. Low sediment and moderate detritus. Many fragmented diatoms.,,,,
Degraded. Low sediment and detritus.,,,,
Low sediment. High detritus. Many fragmented diatoms.,,,,
Fragment. Moderate sediment and detritus. Ditylum brightwellei spines observed.,,,,
Girdle view. Moderate sediment and detritus. Ditylum brightwellei spines observed.,,,,
Moderate sediment and detritus. Ditylum brightwellei spines observed.,,,,
Girdle view. High sediment and moderate detritus.,,,,
Girdle view. Low sediment and detritus. Many fragmented diatoms.,,,,
Low sediment and moderate detritus. Spines of Ditylum brightwellii observed.,,,,
Girdle view. High sediment and detritus. Many fragmented diatoms.,,,,
Fragment. Low sediment and high detritus.,,,,
Low sediment and high detritus.,,,,
Degraded. Low sediment and moderate detritus.,,,,
"Moderate sediment and detritus, many fragmented diatoms.",,,,
"Fragment. Moderate sediment and detritus, many fragmented diatoms.",,,,
"Fragment. High sediment, low detritus.",,,,
"High sediment, low detritus.",,,,
Degraded.,,,,
"Fragment. Low sediment, moderate detritus, many fragmented diatoms.",,,,
"Low sediment, moderate detritus, many fragmented diatoms.",,,,
"Girdle view. Moderate sediment, low detritus.",,,,
"Degraded. Moderate sediment, low detritus.",,,,
"Moderate sediment, light detritus.",,,,
"Obscured by debris. Moderate sediment, light detritus.",obscured,Obscured,,
"Low sediment, high detritus, many fragmented diatoms.",,,,
"Degraded. Low sediment, high detritus, many fragmented diatoms.",,,,
"Girdle view. Low sediment, high detritus, many fragmented diatoms.",,,,
Degraded. Moderate sediment and detritus.,,,,
Degraded. Low sediment and detritus. Many fragmented diatoms.,,,,
No specialized cells observed. Low sediment and moderate detritus.,no specialized cells observed,,,
No specialized cells observed.,,,,
No specialized cells observed. Low sediment and detritus.,,,,
Degraded. High sediment and moderate detritus. Many fragmented diatoms.,,,,
High sediment. Moderate detritus. Many fragmented diatoms.,,,,
Fragment. High sediment. Moderate detritus. Many fragmented diatoms.,,,,
High detritus and moderate sediment. Many fragmented diatoms.,,,,
Fragment. High detritus and moderate sediment. Many fragmented diatoms.,,,,
Girdle view.,,,,
Girdle view. Low sediment and detritus. Many broken diatoms.,,,,
Low sediment and detritus. Many broken diatoms.,,,,
Fragment. Low sediment and detritus. Many broken diatoms.,,,,
Girdle view. Moderate sediment and detritus. Many broken diatoms.,,,,
Degraded. Moderate sediment and detritus. Many broken diatoms.,,,,
Moderate sediment and detritus. Many broken diatoms.,,,,
Fragment. Moderate sediment and detritus. Many broken diatoms.,,,,
"High sediment, moderate detritus. Many broken diatoms.",,,,
"Fragment. High sediment, moderate detritus. Many broken diatoms.",,,,
"Girdle view. High sediment, low detritus. Many broken diatoms.",,,,
"Fragment. High sediment, low detritus. Many broken diatoms.",,,,
"High sediment, low detritus. Many broken diatoms.",,,,
"Degraded. High sediment, low detritus. Many broken diatoms.",,,,
"Moderate sediment, high detritus. Many broken diatoms.",,,,
"Fragment. Moderate sediment, high detritus. Many broken diatoms.",,,,
Obscured by detritus. Moderate sediment and detritus. Many broken diatoms.,,,,
"Moderate sediment, high detritus. Many broken diatoms. Ditylum brightwellii spines observed.",,,,
"Fragment. Moderate sediment, high detritus. Many broken diatoms. Ditylum brightwellii spines observed.",,,,
High sediment and detritus. Many broken diatoms.,,,,
Fragment. High sediment and detritus. Many broken diatoms.,,,,
Degraded. High sediment and detritus. Many broken diatoms.,,,,
Fragment. Low detritus.,,,,
Low detritus.,,,,
Fragment. Moderate sediment and low detritus. Many broken diatoms.,,,,
Moderate sediment and low detritus. Many broken diatoms.,,,,
Fragment. Moderate sediment and low detrtitus. Many broken diatoms.,,,,
Moderate sediment and low detrtitus. Many broken diatoms.,,,,
Fragment. High sediment and moderate detritus. Many broken diatoms.,,,,
High sediment and moderate detritus. Many broken diatoms.,,,,
Obscured by detritus. High sediment and moderate detritus. Many broken diatoms.,,,,
High sediment and low detritus.,,,,
Girdle view. High sediment and low detritus.,,,,
Fragment. High sediment and low detritus.,,,,
Degraded. High sediment and detritus.,,,,
Moderate sediment and detritus. Ciliates observed.,,,,
Fragment. Moderate sediment and detritus. Ciliates observed.,,,,
Girdle view. Moderate sediment and detritus. Ciliates observed.,,,,
Degraded. Moderate sediment and detritus. Ciliates observed.,,,,
Fragment. Low sediment and moderate detritus. Many broken diatoms. Ciliates observed.,,,,
Degraded. Low sediment and moderate detritus. Many broken diatoms. Ciliates observed.,,,,
Low sediment and moderate detritus. Many broken diatoms. Ciliates observed.,,,,
Obscured by detritus. Low sediment and moderate detritus. Many broken diatoms. Ciliates observed.,,,,
Obscured by detritus. Low sediment and moderate detritus.,,,,
Girdle view or degraded. High sediment and moderate detritus. Many broken diatoms.,,,,
Degraded. High sediment and moderate detritus. Many broken diatoms.,,,,
Obscured by detritus. Moderate sediment and low detritus.,,,,
Moderate sediment and low detritus. Ditylum brightwellii spines observed.,,,,
Fragment. Moderate sediment and low detritus. Ditylum brightwellii spines observed.,,,,
Broken. Moderate sediment and detritus. Many broken diatoms.,,,,
Degraded. High sediment and moderate detritus.,,,,
Obscured by sediment. High sediment and detritus. Many broken diatoms.,,,,
Moderate detritus.,,,,
"Low sediment and moderate detritus,",,,,
Obscured by sediment. Low sediment and moderate detritus.,,,,
Fragment. Girdle view. Moderate sediment and low detritus.,,,,
Fragment. Moderate detritus.,,,,
Obscured by detritus. High sediment and detritus.,,,,
Fragment. Moderate sediment and detritus. Many broken diatoms. Spines of Ditylum brightwellii observed.,,,,
Moderate sediment and detritus. Many broken diatoms. Spines of Ditylum brightwellii observed.,,,,
Low sediment and moderate detritus. Many broken diatoms.,,,,
Fragment. Low sediment and moderate detritus. Many broken diatoms.,,,,
Degraded. Low sediment and moderate detritus. Many broken diatoms.,,,,
Obscured by detritus. Low sediment and moderate detritus. Many broken diatoms.,,,,
Girdle view. High sediment and moderate detritus. Many broken diatoms.,,,,
Moderate sediment and high detritus. Many broken diatoms.,,,,
Fragment. Moderate sediment and high detritus. Many broken diatoms.,,,,
Fragment. Moderate sediment and high detritus.,,,,
Fragment. High sediment. Many broken diatoms.,,,,
High sediment. Many broken diatoms.,,,,
Girdle view. High sediment. Many broken diatoms.,,,,
Obscured by detritus. High sediment. Many broken diatoms.,,,,
Fragment. Low sediment.,,,,
Low sediment.,,,,
Girdle view. Low sediment.,,,,
Obscured by detritus. Moderate sediment.,,,,
Obscured by detritus. High sediment.,,,,
Moderate sediment. Rhizosolenia spines observed.,,,,
Fragment. Moderate sediment. Rhizosolenia spines observed.,,,,
Obscured by detritus. Moderate sediment and detritus.,,,,
Fragment. Moderate sediment. Light broken diatoms.,broken diatom,BrokenDiatoms,,
Moderate sediment. Light broken diatoms.,,,,
Moderate sediment and detritus. Light broken diatoms.,,,,
Fragment. Moderate sediment and detritus. Light broken diatoms.,,,,
Girdle view. Moderate sediment and detritus. Light broken diatoms.,,,,
Obscured by detritus. Low sediment and detritus.,,,,
Low sediment and moderate detritus. Light broken diatoms.,,,,
Fragment. Low sediment and moderate detritus. Light broken diatoms.,,,,
Girdle view. Moderate sediment and low detritus. Light broken diatoms. Rhizosolenia spines observed.,,,,
Moderate sediment and low detritus. Light broken diatoms. Rhizosolenia spines observed.,,,,
Degraded. Low sediment and detritus. Many broken diatoms.,,,,
Obscured by detritus. Low sediment and detritus. Many broken diatoms.,,,,
Fragment. Many broken diatoms.,,,,
Many broken diatoms.,,,,
Degraded. Low sediment. Many broken diatoms.,,,,
Low sediment. Many broken diatoms.,,,,
Moderate sediment. Many broken diatoms.,,,,
Fragment. Low detritus. Many broken diatoms.,,,,
Girdle view. Low detritus. Many broken diatoms.,,,,
Low detritus. Many broken diatoms.,,,,
Fragment. Low sediment and low detritus. Many broken diatoms.,,,,
Low sediment and low detritus. Many broken diatoms.,,,,
Moderate sediment and detritus. Many broken diatoms. Ditylum brightwellii spines observed.,,,,
Degraded. Moderate sediment and detritus. Many broken diatoms. Ditylum brightwellii spines observed.,,,,
Fragment. Moderate sediment. Many broken diatoms.,,,,
Fragment. Moderate sediment and detritus. Many broken diatoms. Sample poorly preserved.,,,,
Girdle view. Moderate sediment and detritus. Many broken diatoms. Sample poorly preserved.,,,,
Moderate sediment and detritus. Many broken diatoms. Sample poorly preserved.,,,,
Broken. High sediment and detritus.,,,,
Obscured by detritus.,,,,
Obscured by detritus. Low sediment.,,,,
Girdle view. Moderate sediment.,,,,
FKA Anabaena sp. Moderate sediment and detritus.,,,,
Obscured by sediment. High sediment.,,,,
Girdle view. High sediment.,,,,
High sediment and detritus. Sample contains mucilaginous detritus.,,,,
Degraded.Moderate sediment and detritus.,,,,
Low sediment and moderate detritus. Sample contains mucilaginous detritus.,,,,
Obscured by detritus. Many broken diatoms.,,,,
Obscured by detritus.Low sediment and detritus.,,,,
Obscured by detritus. Moderate sediment and low detritus. Many broken diatoms.,,,,
Obscured by detritus. High sediment and moderate detritus.,,,,
Girdle. Moderate sediment and low detritus. Many broken diatoms.,,,,
Girdle view. Low sediment and detritus. Sample contains mucilaginous detritus.,,,,
Low sediment and detritus. Sample contains mucilaginous detritus.,,,,
Moderate sediment and low detritus. Sample contains mucilaginous detritus.,,,,
Obscured by detritus. Moderate sediment and low detritus. Sample contains mucilaginous detritus.,,,,
Sample contains mucilaginous detritus.,,,,
Fragment. Low sediment and moderate detritus. Sample contains mucilaginous detritus.,,,,
High sediment and moderate detritus. Sample contains mucilaginous detritus.,,,,
Obscured by detritus. High sediment and moderate detritus. Sample contains mucilaginous detritus.,,,,
Fragment. High sediment and moderate detritus. Sample contains mucilaginous detritus.,,,,
Moderate sediment and detritus. Sample contains mucilaginous detritus.,,,,
Obscured by detritus. Moderate sediment and detritus. Sample contains mucilaginous detritus.,,,,
fragment,,,,
"high sediment, moderate detritus. Many broken diatoms",,,,
"Girdle view. high sediment, moderate detritus. Many broken diatoms",,,,
"fragment; high sediment, moderate detritus Many broken diatoms",,,,
low detritus,,,,
"fragment; Sample contains mucilaginous detritus, many broken diatoms",,,,
"Sample contains mucilaginous detritus, many broken diatoms",,,,
fragment; Moderate sediment,,,,
Moderate sediment,,,,
Moderate sediment and detritus; Sample contains mucilaginous detritus,sample contains,,,
Girdle view. Moderate sediment and detritus; Sample contains mucilaginous detritus,,,,
Obscured by detritus; Low sediment and detritus,,,,
Low sediment and detritus,,,,
"Girdle view. Low sediment, moderate detritus",,,,
"Low sediment, moderate detritus",,,,
"Fragment. Low sediment, moderate detritus",,,,
"fragment; high sediment, moderate detritus",,,,
"high sediment, moderate detritus",,,,
"Moderate sediment, low detritus",,,,
"degraded; Moderate sediment, low detritus",,,,
Low sediment and detritus; Sample contains mucilaginous detritus,,,,
Obscured by detritus. Low sediment and detritus; Sample contains mucilaginous detritus,,,,
Moderate sediment and detritus,,,,
degraded; Moderate sediment and detritus,,,,
obscured by detritus; Moderate sediment and detritus,,,,
Girdle view. Moderate sediment and detritus,,,,
Obscured by detritus. Moderate sediment and detritus,,,,
Low detrtius. Sample contains mucilaginous detritus.,,,,
Girdle view. Low detrtius. Sample contains mucilaginous detritus.,,,,
Girdle view. Low detritus.,,,,
Fragment. Low sediment and detritus. Sample contains mucilaginous detritus.,,,,
Low detritus. Sample contains mucilaginous detritus.,,,,
Girdle view. High sediment and detritus. Sample contains mucilaginous detritus.,,,,
Fragment. High sediment and detritus. Sample contains mucilaginous detritus.,,,,
Girdle view. High sediment and moderate detritus. Sample contains mucilaginous detritus. Ditylum spines observed.,observed,,,
High sediment and moderate detritus. Sample contains mucilaginous detritus. Ditylum spines observed.,,,,
Obscured by detritus. Moderate detritus.,,,,
Fragment. High sediment. Medium detitus.,,,,
Girdle view. High sediment. Medium detritus.,,,,
High sediment. Medium detritus.,,,,
Obscured by detritus. High sediment. Moderate detritus.,,,,
Moderate sediment. Low detritus.,,,,
Low sediment. Low detritus.,,,,
Medium sediment. Low detritus.,,,,
Obscured by detritus. High sediment. Medium detritus.,,,,
Fragment. Medium sediment. Low detritus.,,,,
Moderate sediment. Low detritus,,,,
Fragment. Moderate sediment. Low detritus,,,,
Girdle view. Moderate sediment. Low detritus.,,,,
Fragment. Moderate sediment. Low detritus.,,,,
Obscured by detritus. Moderate sediment. Low detritus.,,,,
Medium sediment. Low detritus. Sample contains mucilaginous detritus.,,,,
Moderate sediment. Low detritus. Sample contains mucilaginous detritus.,sample contains,,,
High sediment. Moderate detritus. Sample contains mucilaginous detritus.,,,,
Obscured by detritus. High sediment. Moderate detritus. Sample contains mucilaginous detritus.,,,,
Girdle view. High sediment. Moderate detritus.,,,,
Low sediment. Low detritus. Broken diatoms present.,,,,
High sediment. High detritus.,,,,
Fragment. High sediment. High detritus.,,,,
Moderate sediment. Low detritus. Ciliates observed.,,,,
High sediment. Moderate detritus. Broken diatoms present.,,,,
Obscured by detritus. High sediment. Moderate detritus. Broken diatoms present.,,,,
Moderate sediment. Moderate detritus. Broken diatoms present.,,,,
Moderate sediment. Low detritus. Broken diatoms present.,,,,
Low sediment. Low detritus. Sample contains mucilaginous detritus.,,,,
Obscured by detritus. Moderate sediment. Moderate detritus. Sample contains mucilaginous detritus. Ciliates present.,present,,,
Moderate sediment. Moderate detritus. Sample contains mucilaginous detritus. Ciliates present.,,,,
Obscured by detritus. Low sediment. Low detritus.,,,,
Girdle view. Low sediment. Low detritus.,,,,
Girdle view. High sediment. Moderate detritus. Sample contains mucilagenous detritus.,,,,
High sediment. Moderate detritus. Sample contains mucilagenous detritus.,,,,
Low detritus. Sample contains mucilagenous detritus. Broken diatoms present.,,,,
Fragment. Moderate sediment. Low detritus. Broken diatoms present.,,,,
Moderate sediment. Low detritus. Sample contains mucilagenous detritus. Ciliates present.,,,,
Moderate sediment. Moderate detritus. Sample contains mucilaginous detritus.,,,,
Fragment. Moderate sediment. Moderate detritus. Sample contains mucilaginous detritus.,,,,
Low sediment and detritus. Broken diatoms observed.,,,,
Obscured by detritus. High sediment and low detritus.,,,,
Obscured by detritus. Low detritus.,,,,
Obscured by detritus. High sediment and moderate detritus. Broken diatoms observed.,,,,
High sediment and moderate detritus. Broken diatoms observed.,,,,
Low sediment and moderate detritus. Sample contains mucilaginous detritus. Broken diatoms observed.,,,,
Girdle view. Low sediment and moderate detritus. Sample contains mucilaginous detritus. Broken diatoms observed.,,,,
Fragment. Low sediment and moderate detritus. Sample contains mucilaginous detritus. Broken diatoms observed.,,,,
Obscured by detritus. Low sediment and moderate detritus. Sample contains mucilaginous detritus. Broken diatoms observed.,,,,
Obscured by detritus. Low sediment and moderate detritus. Sample contains mucilaginous detritus.,,,,
Obscured by detritus. Low sediment and detritus. Sample contains mucilaginous detritus.,,,,
Fragment. Low sediment and moderate detritus. Broken diatoms observed.,,,,
Low sediment and moderate detritus. Broken diatoms observed.,,,,
Obscured by detritus. Low sediment and moderate detritus. Broken diatoms observed.,,,,
Girdle view. Low sediment and high detritus. Sample contains mucilaginous detritus. Broken diatoms observed.,,,,
Fragment. Low sediment and high detritus. Sample contains mucilaginous detritus. Broken diatoms observed.,,,,
Low sediment and high detritus. Sample contains mucilaginous detritus. Broken diatoms observed.,,,,
Obscured by detritus. Low sediment and high detritus. Sample contains mucilaginous detritus. Broken diatoms observed.,,,,
Fragment. Moderate sediment and low detritus. Broken diatoms observed.,,,,
Girdle view. Moderate sediment and low detritus. Broken diatoms observed.,,,,
Moderate sediment and low detritus. Broken diatoms observed.,,,,
Obscured by detritus. High sediment and low detritus. Sample contains mucilaginous detritus.,,,,
High sediment and low detritus. Sample contains mucilaginous detritus.,,,,
Low sediment and moderate detritus. Broken diatoms observed. Ciliates observed.,,,,
Obscured by detritus. Low detritus. Sample contains mucilaginous detritus.,,,,
Degraded. High sediment and detritus. Sample contains mucilaginous detritus.,,,,
Fragment. Moderate sediment and detritus. Sample contains mucilaginous detritus.,,,,
Obscured by detritus. Moderate sediment and low detritus. Sample contains mucilaginous detritus. Many broken diatoms.,,,,
Moderate sediment and low detritus. Sample contains mucilaginous detritus. Many broken diatoms.,,,,
Degraded. Low sediment and detritus. Sample contains mucilaginous detritus.,,,,
Fragment. Moderate sediment and low detritus. Sample contains mucilaginous detritus.,,,,
Fragment. Moderate and low detritus. Many broken diatoms.,,,,
Moderate and low detritus. Many broken diatoms.,,,,
Obscured by detritus. Moderate and low detritus. Many broken diatoms.,,,,
Fragment. Low detritus. Sample contains mucilaginous detritus.,,,,
Moderate detritus. Sample contains mucilaginous detritus.,,,,
Fragment. Low sediment. Many broken diatoms.,,,,
Girdle view. Moderate sediment and low detritus. Many broken diatoms.,,,,
Obscured by detritus. Moderate sediment and low detritus. Broken diatoms observed.,,,,
High sediment and moderate sediment.,,,,
Fragment. Low sediment and detritus. Broken diatoms observed.,,,,
Moderate sediment and low detritus. Ciliates observed.,,,,
Girdle view. Moderate sediment and low detritus. Ciliates observed.,,,,
Fragment. Low sediment and detritus. Ciliates observed.,,,,
Low sediment and detritus. Ciliates observed.,,,,
Ciliates observed.,,,,
Fragment. Low sediment. Ciliates observed.,,,,
Low sediment. Ciliates observed.,,,,
Moderate sediment and detritus. Broken diatoms observed. Ciliates observed.,,,,
Moderate sediment and low detritus. Broken diatoms observed. Ciliates observed.,,,,
Fragment. Moderate sediment and low detritus. Broken diatoms observed. Ciliates observed.,,,,
Fragment. Ditylum spines observed. Moderate sediment and detritus. Ciliates observed.,,,,
Ditylum spines observed. Moderate sediment and detritus. Ciliates observed.,,,,
High sediment and detritus. Ciliates observed.,,,,
Moderate sediment and high detritus. Ciliates observed.,,,,
High sediment and detritus. Many broken diatoms. Ciliates observed.,,,,
Low sediment and high detritus. Ciliates observed.,,,,
Low sediment and detritus. Many broken diatoms. Ciliates observed.,,,,
High sediment and moderate detritus. Ciliates observed.,,,,
Moderate sediment and detritus. Many broken diatoms. Ciliates observed.,,,,
High detritus.,,,,
Large clumps of sediment/detritus. Moderate sediment and detritus.,,,,
High detritus.Cannot meet tally in 50 fields.,,,,
"Full Chamber Scan. Only 1mL present in bottle, seemed to be only stain. 1 diatom suspected to be cross contamination.",cross contamination,BadData,,
Cannot meet tally in 50 fields.,cannot meet tally,TalleyNotMet,,
High detritus or possible bacteria.,,,,
High amounts of debris.,,,,
Fragment. High amounts of debris.,,,,
Lots of debris.,,,,
High debris.,,,,
Moderate debris.,,,,
High amount of debris.,,,,
Fragment. High amount of debris.,,,,
High sedimnet.,,,,
Cannot meet tally in 50 fields. High sediment.,,,,
High sediment. Fragment.,,,,
High sediment and debris.,,,,
Low sediment and medium detritus. Many broken diatoms.,,,,
Moderate sediment and moderate detritus. Many broken diatoms.,,,,
Fragment. Girdle view. High sediment and detritus. Many broken diatoms.,,,,
High sedimend and detritus. Many broken diatoms.,,,,
High sediment and moderate detritus. Low broken diatoms.,,,,
Poorly preserved. Moderate sediment and low detritus.,,,,
Poorly preserved. Low sediment and detritus.,,,,
Poorly preserved. Low sediment and moderate detritus.,,,,
Low sediment. Girdle view.,,,,
Moderate detritus. Many broken diatoms.,,,,
Cannot meet tally in 50 fields. Low detritus.,,,,
,,,,
High sediment and detritus. Many broken diatoms. Cannot meet tally in 50 fields.,cannot meet tally,TallyNotMet,,
Cannot meet tally in 50 fields. High sediment and detritus. Many broken diatoms.,,,,
Cannot meet tally in 50 fields.,,,,
High sediment and moderate detritus. Many broken diatoms.,,,,
High sediment and detritus. Many broken diatoms.,,,,
Moderate sediment and high detitus. Many broken diatoms.,,,,
Moderate sediment and high detritus. Many broken diatoms.,,,,
Low sediment. Many broken diatoms.,,,,
Low sediment and detritus. Many broken diatoms.,,,,
Moderate sediment and detritus. Many broken diatoms.,,,,
Low sediment and moderate detritus. Many broken diatoms.,,,,
Many broken diatoms.,,,,
Many broken diatoms. Girdle view.,,,,
Moderate detritus. Fragment.,,,,
High sediment.,,,,
Low sediment and high detritus.,,,,
High sediment and low detritus.,,,,
High sediment and moderate detritus.,,,,
Low sediment and low detritus.,,,,
Low sediment and detritus.,,,,
Low detritus.,,,,
Low sediment.,,,,
Moderate sediment and detritus.,,,,
Moderate sediment and low detritus.,,,,
Low sediment and moderate detritus.,,,,
Moderate detritus.,,,,
Girdle view.,,,,
High fungus abundance.,fungus,PoorlyPreserved,,
High levels of fungus.,fungus,PoorlyPreserved,,
