MethodCode,SampleDate,SampleTime,Full Code,StationCode,Depth ft),Volume Received (mL),Volume Analyzed (mL),Percent of Sample Counted,Field-of-view (mm²),Slide/ Chamber Area (mm²),Area Counted,Number of Fields Counted,Factor,BSA_TIN,Taxon,Diatom/SoftBody,Genus,Species,Synonym,Unit Abundance (# of Natural Units),Total Number of Cells,GALD 1,GALD 2,GALD 3,Colony/Filament/Individual Group Code,BSA#,Taxonomist,Comments,Shape,Biovolume 1,Biovolume 2,Biovolume 3,Biovolume 4,Biovolume 5,Biovolume 6,Biovolume 7,Biovolume 8,Biovolume 9,Biovolume 10
Phyto,3/9/2022,10:30,E0322B0460,C3A,3,58,10,17.24%,0.0683,314.159,2.6637,39,11.79,46,Achnanthidium sp.,Diatom,Achnanthidium,sp.,,2,2,13,,,i,BSA.03-01,AB,Low detritus. Many broken diatoms.,elliptic prism,81.03,,,,,,,,,
,,,,,,,,,,,,,,,,,,,,,,,,,,,,,,,,,,,,,,,
,,,,,,,,,,,,,,,,,,,,,,,,,,,,,,,,,,,,,,,
Phyto,3/9/2022,10:30,E0322B0460,C3A,3,58,10,17.24%,0.0683,314.159,2.6637,39,11.79,86,Asterionella formosa,Diatom,Asterionella,formosa,,34,34,63.8,,,i,BSA.03-01,AB,Low detritus. Many broken diatoms.,box + 2 cylinders,1,,,,,,,,,
,,,,,,,,,,,,,,,,,,,,,,,,,,,,,,,,,,,,,,,
,,,,,,,,,,,,,,,,,,,,,,,,,,,,,,,,,,,,,,,
,,,,,,,,,,,,,,,,,,,,,,,,,,,,,,,,,,,,,,,
,,,,,,,,,,,,,,,,,,,,,,,,,,,,,,,,,,,,,,,
Phyto,3/9/2022,10:30,E0322B0460,C3A,3,58,10,17.24%,0.0683,314.159,2.6637,39,11.79,1917,Aulacoseira granulata var. angustissima,Diatom,Aulacoseira,granulata var. angustissima,,8,8,46.3,,,i,BSA.03-01,AB,Low detritus. Many broken diatoms.,cylinder,358.29,,,,,,,,,
,,,,,,,,,,,,,,,,,,,,,,,,,,,,,,,,,,,,,,,
Phyto,3/9/2022,10:30,E0322B0460,C3A,3,58,10,17.24%,0.0683,314.159,2.6637,39,11.79,190,Cyclotella sp.,Diatom,Cyclotella,sp.,,32,32,10.1,,,i,BSA.03-01,AB,Low detritus. Many broken diatoms.,cylinder,189.97,,,,,,,,,
,,,,,,,,,,,,,,,,,,,,,,,,,,,,,,,,,,,,,,,
Phyto,3/9/2022,10:30,E0322B0460,C3A,3,58,10,17.24%,0.0683,314.159,2.6637,39,11.79,310,Encyonema sp.,Diatom,Encyonema,sp.,,1,1,13,,,i,BSA.03-01,AB,Low detritus. Many broken diatoms.,cymbelloid,65.01,,,,,,,,,
,,,,,,,,,,,,,,,,,,,,,,,,,,,,,,,,,,,,,,,
,,,,,,,,,,,,,,,,,,,,,,,,,,,,,,,,,,,,,,,
Phyto,3/9/2022,10:30,E0322B0460,C3A,3,58,10,17.24%,0.0683,314.159,2.6637,39,11.79,540,Melosira cf. varians,Diatom,Melosira,varians,,3,3,27.8,,,i,BSA.03-01,AB,Low detritus. Many broken diatoms.,cylinder,6225.25,,,,,,,,,
,,,,,,,,,,,,,,,,,,,,,,,,,,,,,,,,,,,,,,,
Phyto,3/9/2022,10:30,E0322B0460,C3A,3,58,10,17.24%,0.0683,314.159,2.6637,39,11.79,631,Navicula sp.,Diatom,Navicula,sp.,,1,1,19,,,i,BSA.03-01,AB,Low detritus. Many broken diatoms.,elliptic prism,243.54,,,,,,,,,
,,,,,,,,,,,,,,,,,,,,,,,,,,,,,,,,,,,,,,,
,,,,,,,,,,,,,,,,,,,,,,,,,,,,,,,,,,,,,,,
Phyto,3/9/2022,10:30,E0322B0460,C3A,3,58,10,17.24%,0.0683,314.159,2.6637,39,11.79,749,Nitzschia sp.,Diatom,Nitzschia,sp.,,2,2,55.3,,,i,BSA.03-01,AB,Low detritus. Many broken diatoms.,prism on parallelogram,252.78,,,,,,,,,
,,,,,,,,,,,,,,,,,,,,,,,,,,,,,,,,,,,,,,,
,,,,,,,,,,,,,,,,,,,,,,,,,,,,,,,,,,,,,,,
Phyto,3/9/2022,10:30,E0322B0460,C3A,3,58,10,17.24%,0.0683,314.159,2.6637,39,11.79,923,Staurosira cf. venter,Diatom,Staurosira,venter,,2,2,9.3,,,i,BSA.03-01,AB,Low detritus. Many broken diatoms.,elliptic prism,60.53,,,,,,,,,
,,,,,,,,,,,,,,,,,,,,,,,,,,,,,,,,,,,,,,,
,,,,,,,,,,,,,,,,,,,,,,,,,,,,,,,,,,,,,,,
Phyto,3/9/2022,10:30,E0322B0460,C3A,3,58,10,17.24%,0.0683,314.159,2.6637,39,11.79,1031,Chlamydomonas sp.,Soft Body,Chlamydomonas,sp.,,2,2,9.3,,,i,BSA.03-01,AB,Low detritus. Many broken diatoms.,sphere,302.56,,,,,,,,,
,,,,,,,,,,,,,,,,,,,,,,,,,,,,,,,,,,,,,,,
,,,,,,,,,,,,,,,,,,,,,,,,,,,,,,,,,,,,,,,
Phyto,3/9/2022,10:30,E0322B0460,C3A,3,58,10,17.24%,0.0683,314.159,2.6637,39,11.79,1037,Chlorella sp.,Soft Body,Chlorella,sp.,,3,3,2.6,,,i,BSA.03-01,AB,Low detritus. Many broken diatoms.,sphere,6.37,,,,,,,,,
Phyto,3/9/2022,10:30,E0322B0460,C3A,3,58,10,17.24%,0.0683,314.159,2.6637,39,11.79,1134,Monoraphidium contortum,Soft Body,Monoraphidium,contortum,,4,4,20.4,,,i,BSA.03-01,AB,Low detritus. Many broken diatoms.,2 cones,11.39,,,,,,,,,
,,,,,,,,,,,,,,,,,,,,,,,,,,,,,,,,,,,,,,,
Phyto,3/9/2022,10:30,E0322B0460,C3A,3,58,10,17.24%,0.0683,314.159,2.6637,39,11.79,1352,Cryptomonas sp.,Soft Body,Cryptomonas,sp.,,1,1,22.2,,,i,BSA.03-01,AB,Low detritus. Many broken diatoms.,prolate spheroid,1510.64,,,,,,,,,
,,,,,,,,,,,,,,,,,,,,,,,,,,,,,,,,,,,,,,,
Phyto,3/9/2022,10:30,E0322B0460,C3A,3,58,10,17.24%,0.0683,314.159,2.6637,39,11.79,1364,Plagioselmis nannoplanctica,Soft Body,Plagioselmis,nannoplanctica,,7,7,11.1,,,i,BSA.03-01,AB,Low detritus. Many broken diatoms.,cone + half sphere,328.42,,,,,,,,,
,,,,,,,,,,,,,,,,,,,,,,,,,,,,,,,,,,,,,,,
Phyto,3/9/2022,10:30,E0322B0460,C3A,3,58,10,17.24%,0.0683,314.159,2.6637,39,11.79,1419,Eucapsis microscopica,Soft Body,Eucapsis,microscopica,,298,596,0.8,0.8,0.8,c,BSA.03-01,AB,Low detritus. Many broken diatoms.,sphere,0.18,0.18,0.18,0.18,0.18,0.18,0.18,0.18,0.18,0.18
Phyto,3/9/2022,10:30,E0322B0460,C3A,3,58,10,17.24%,0.0683,314.159,2.6637,39,11.79,1508,Pseudanabaena sp.,Soft Body,Pseudanabaena,sp.,,7,189,3.5,,,f,BSA.03-01,AB,Low detritus. Many broken diatoms.,cylinder,7.04,,,,,,,,,
,,,,,,,,,,,,,,,,,,,,,,,,,,,,,,,,,,,,,,,
Phyto,3/10/2022,13:00,E0322B0474,D28A,3,61,10,16.39%,0.0683,314.159,1.1611,17,27.06,145,Cocconeis placentula,Diatom,Cocconeis,placentula,,2,2,40.7,,,i,BSA.03-02,CB,,elliptic prism,906.23,,,,,,,,,
,,,,,,,,,,,,,,,,,,,,,,,,,,,,,,,,,,,,,,,
,,,,,,,,,,,,,,,,,,,,,,,,,,,,,,,,,,,,,,,
Phyto,3/10/2022,13:00,E0322B0474,D28A,3,61,10,16.39%,0.0683,314.159,1.1611,17,27.06,147,Cocconeis sp.,Diatom,Cocconeis,sp.,,1,1,18.5,,,i,BSA.03-02,CB,,elliptic prism,698.89,,,,,,,,,
,,,,,,,,,,,,,,,,,,,,,,,,,,,,,,,,,,,,,,,
,,,,,,,,,,,,,,,,,,,,,,,,,,,,,,,,,,,,,,,
Phyto,3/10/2022,13:00,E0322B0474,D28A,3,61,10,16.39%,0.0683,314.159,1.1611,17,27.06,190,cf. Cyclotella sp.,Diatom,Cyclotella,sp.,,17,17,11.1,,,i,BSA.03-02,CB,,cylinder,211.27,,,,,,,,,
,,,,,,,,,,,,,,,,,,,,,,,,,,,,,,,,,,,,,,,
Phyto,3/10/2022,13:00,E0322B0474,D28A,3,61,10,16.39%,0.0683,314.159,1.1611,17,27.06,289,Diploneis sp.,Diatom,Diploneis,sp.,,1,1,37,,,i,BSA.03-02,CB,,elliptic prism,6046.74,,,,,,,,,
,,,,,,,,,,,,,,,,,,,,,,,,,,,,,,,,,,,,,,,
,,,,,,,,,,,,,,,,,,,,,,,,,,,,,,,,,,,,,,,
Phyto,3/10/2022,13:00,E0322B0474,D28A,3,61,10,16.39%,0.0683,314.159,1.1611,17,27.06,540,Melosira varians,Diatom,Melosira,varians,,11,11,27.8,,,i,BSA.03-02,CB,,cylinder,4146.01,,,,,,,,,
,,,,,,,,,,,,,,,,,,,,,,,,,,,,,,,,,,,,,,,
Phyto,3/10/2022,13:00,E0322B0474,D28A,3,61,10,16.39%,0.0683,314.159,1.1611,17,27.06,749,Nitzschia sp.,Diatom,Nitzschia,sp.,,2,2,37,,,i,BSA.03-02,CB,,prism on parallelogram,323.6,,,,,,,,,
,,,,,,,,,,,,,,,,,,,,,,,,,,,,,,,,,,,,,,,
,,,,,,,,,,,,,,,,,,,,,,,,,,,,,,,,,,,,,,,
Phyto,3/10/2022,13:00,E0322B0474,D28A,3,61,10,16.39%,0.0683,314.159,1.1611,17,27.06,987,Thalassiosira sp.,Diatom,Thalassiosira,sp.,,1,1,27.8,,,i,BSA.03-02,CB,,cylinder,8437.11,,,,,,,,,
,,,,,,,,,,,,,,,,,,,,,,,,,,,,,,,,,,,,,,,
Phyto,3/10/2022,13:00,E0322B0474,D28A,3,61,10,16.39%,0.0683,314.159,1.1611,17,27.06,1352,Cryptomonas sp.,Soft Body,Cryptomonas,sp.,,4,4,16.7,,,i,BSA.03-02,CB,,prolate spheroid,562.76,,,,,,,,,
,,,,,,,,,,,,,,,,,,,,,,,,,,,,,,,,,,,,,,,
Phyto,3/10/2022,13:00,E0322B0474,D28A,3,61,10,16.39%,0.0683,314.159,1.1611,17,27.06,1364,Plagioselmis nannoplanctica,Soft Body,Plagioselmis,nannoplanctica,,20,20,11.1,,,i,BSA.03-02,CB,,cone + half sphere,323.86,,,,,,,,,
,,,,,,,,,,,,,,,,,,,,,,,,,,,,,,,,,,,,,,,
Phyto,3/10/2022,13:00,E0322B0474,D28A,3,61,10,16.39%,0.0683,314.159,1.1611,17,27.06,1419,Eucapsis microscopica,Soft Body,Eucapsis,microscopica,,349,698,0.8,0.8,0.8,c,BSA.03-02,CB,,sphere,0.18,0.18,0.18,0.18,0.18,0.18,0.18,0.18,0.18,0.18
Phyto,3/10/2022,13:00,E0322B0474,D28A,3,61,10,16.39%,0.0683,314.159,1.1611,17,27.06,1709,Planktolyngbya sp.,Soft Body,Planktolyngbya,sp.,,2,28,2.2,,,f,BSA.03-02,CB,,cylinder,1.57,,,,,,,,,
,,,,,,,,,,,,,,,,,,,,,,,,,,,,,,,,,,,,,,,
Phyto,3/9/2022,12:30,E0322B0461,C9,3,58,12,20.69%,0.0683,314.159,1.2977,19,20.17,145,Cocconeis placentula,Diatom,Cocconeis,placentula,,3,3,20.4,,,i,BSA.03-03,CB,,elliptic prism,548.36,,,,,,,,,
,,,,,,,,,,,,,,,,,,,,,,,,,,,,,,,,,,,,,,,
,,,,,,,,,,,,,,,,,,,,,,,,,,,,,,,,,,,,,,,
Phyto,3/9/2022,12:30,E0322B0461,C9,3,58,12,20.69%,0.0683,314.159,1.2977,19,20.17,190,cf. Cyclotella sp.,Diatom,Cyclotella,sp.,,2,2,13,,,i,BSA.03-03,CB,,cylinder,312.47,,,,,,,,,
,,,,,,,,,,,,,,,,,,,,,,,,,,,,,,,,,,,,,,,
Phyto,3/9/2022,12:30,E0322B0461,C9,3,58,12,20.69%,0.0683,314.159,1.2977,19,20.17,481,Gyrosigma sp.,Diatom,Gyrosigma,sp.,,1,1,133.3,,,i,BSA.03-03,CB,,prism on parallelogram,7299.51,,,,,,,,,
,,,,,,,,,,,,,,,,,,,,,,,,,,,,,,,,,,,,,,,
,,,,,,,,,,,,,,,,,,,,,,,,,,,,,,,,,,,,,,,
Phyto,3/9/2022,12:30,E0322B0461,C9,3,58,12,20.69%,0.0683,314.159,1.2977,19,20.17,540,Melosira varians,Diatom,Melosira,varians,,12,12,18.5,,,i,BSA.03-03,CB,,cylinder,2493.47,,,,,,,,,
,,,,,,,,,,,,,,,,,,,,,,,,,,,,,,,,,,,,,,,
Phyto,3/9/2022,12:30,E0322B0461,C9,3,58,12,20.69%,0.0683,314.159,1.2977,19,20.17,631,Navicula sp.,Diatom,Navicula,sp.,,2,2,16.7,,,i,BSA.03-03,CB,,elliptic prism,92.21,,,,,,,,,
,,,,,,,,,,,,,,,,,,,,,,,,,,,,,,,,,,,,,,,
,,,,,,,,,,,,,,,,,,,,,,,,,,,,,,,,,,,,,,,
Phyto,3/9/2022,12:30,E0322B0461,C9,3,58,12,20.69%,0.0683,314.159,1.2977,19,20.17,1235,Scenedesmus sp.,Soft Body,Scenedesmus,sp.,,1,2,7.4,,,i,BSA.03-03,CB,,prolate spheroid,13.61,,,,,,,,,
,,,,,,,,,,,,,,,,,,,,,,,,,,,,,,,,,,,,,,,
Phyto,3/9/2022,12:30,E0322B0461,C9,3,58,12,20.69%,0.0683,314.159,1.2977,19,20.17,1364,Plagioselmis nannoplanctica,Soft Body,Plagioselmis,nannoplanctica,,22,22,11.1,,,i,BSA.03-03,CB,,cone + half sphere,408.41,,,,,,,,,
,,,,,,,,,,,,,,,,,,,,,,,,,,,,,,,,,,,,,,,
Phyto,3/9/2022,12:30,E0322B0461,C9,3,58,12,20.69%,0.0683,314.159,1.2977,19,20.17,1419,Eucapsis microscopica,Soft Body,Eucapsis,microscopica,,368,736,0.8,0.8,0.8,c,BSA.03-03,CB,,sphere,0.18,0.18,0.18,0.18,0.18,0.18,0.18,0.18,0.18,0.18
Phyto,3/9/2022,12:30,E0322B0461,C9,3,58,12,20.69%,0.0683,314.159,1.2977,19,20.17,1709,Planktolyngbya sp.,Soft Body,Planktolyngbya,sp.,,3,26,2,,,f,BSA.03-03,CB,,cylinder,1.57,,,,,,,,,
,,,,,,,,,,,,,,,,,,,,,,,,,,,,,,,,,,,,,,,
Phyto,3/10/2022,11:00,E0322B0472,D16,3,61,8,13.11%,0.0683,314.159,2.049,30,19.17,46,Achnanthidium sp.,Diatom,Achnanthidium,sp.,,1,1,12.6,,,i,BSA.03-04,AB,Moderate sediment.,elliptic prism,74.22,,,,,,,,,
,,,,,,,,,,,,,,,,,,,,,,,,,,,,,,,,,,,,,,,
,,,,,,,,,,,,,,,,,,,,,,,,,,,,,,,,,,,,,,,
Phyto,3/10/2022,11:00,E0322B0472,D16,3,61,8,13.11%,0.0683,314.159,2.049,30,19.17,95,cf. Aulacoseira sp. ,Diatom,Aulacoseira,sp.,,1,1,15.6,,,i,BSA.03-04,AB,Moderate sediment.,cylinder,167.73,,,,,,,,,
,,,,,,,,,,,,,,,,,,,,,,,,,,,,,,,,,,,,,,,
Phyto,3/10/2022,11:00,E0322B0472,D16,3,61,8,13.11%,0.0683,314.159,2.049,30,19.17,145,Cocconeis placentula,Diatom,Cocconeis,placentula,,6,6,22.22,,,i,BSA.03-04,AB,Moderate sediment.,elliptic prism,319.34,,,,,,,,,
,,,,,,,,,,,,,,,,,,,,,,,,,,,,,,,,,,,,,,,
,,,,,,,,,,,,,,,,,,,,,,,,,,,,,,,,,,,,,,,
Phyto,3/10/2022,11:00,E0322B0472,D16,3,61,8,13.11%,0.0683,314.159,2.049,30,19.17,191,Cyclotella spp.,Diatom,Cyclotella,spp.,,28,28,26.9,,,i,BSA.03-04,AB,Moderate sediment.,cylinder,1499.55,,,,,,,,,
,,,,,,,,,,,,,,,,,,,,,,,,,,,,,,,,,,,,,,,
Phyto,3/10/2022,11:00,E0322B0472,D16,3,61,8,13.11%,0.0683,314.159,2.049,30,19.17,923,Staurosira cf. venter,Diatom,Staurosira,venter,,3,3,9.5,,,i,BSA.03-04,AB,Moderate sediment.,elliptic prism,66.16,,,,,,,,,
,,,,,,,,,,,,,,,,,,,,,,,,,,,,,,,,,,,,,,,
,,,,,,,,,,,,,,,,,,,,,,,,,,,,,,,,,,,,,,,
Phyto,3/10/2022,11:00,E0322B0472,D16,3,61,8,13.11%,0.0683,314.159,2.049,30,19.17,1037,Chlorella sp.,Soft Body,Chlorella,sp.,,3,3,3.2,,,i,BSA.03-04,AB,Moderate sediment.,sphere,11.49,,,,,,,,,
Phyto,3/10/2022,11:00,E0322B0472,D16,3,61,8,13.11%,0.0683,314.159,2.049,30,19.17,1761,Drepanochloris nannoselene,Soft Body,Drepanochloris,nannoselene,,4,4,4.1,,,i,BSA.03-04,AB,Moderate sediment.,cylinder + 2 cones,5.03,,,,,,,,,
,,,,,,,,,,,,,,,,,,,,,,,,,,,,,,,,,,,,,,,
,,,,,,,,,,,,,,,,,,,,,,,,,,,,,,,,,,,,,,,
Phyto,3/10/2022,11:00,E0322B0472,D16,3,61,8,13.11%,0.0683,314.159,2.049,30,19.17,1704,Monoraphidium minutum,Soft Body,Monoraphidium,minutum,,1,1,9,,,i,BSA.03-04,AB,Moderate sediment.,2 cones,7.96,,,,,,,,,
,,,,,,,,,,,,,,,,,,,,,,,,,,,,,,,,,,,,,,,
Phyto,3/10/2022,11:00,E0322B0472,D16,3,61,8,13.11%,0.0683,314.159,2.049,30,19.17,1352,Cryptomonas sp.,Soft Body,Cryptomonas,sp.,,2,2,22.2,,,i,BSA.03-04,AB,Moderate sediment.,prolate spheroid,859.76,,,,,,,,,
,,,,,,,,,,,,,,,,,,,,,,,,,,,,,,,,,,,,,,,
Phyto,3/10/2022,11:00,E0322B0472,D16,3,61,8,13.11%,0.0683,314.159,2.049,30,19.17,1364,Plagioselmis nannoplanctica,Soft Body,Plagioselmis,nannoplanctica,,18,18,11.1,,,i,BSA.03-04,AB,Moderate sediment.,cone + half sphere,464.77,,,,,,,,,
,,,,,,,,,,,,,,,,,,,,,,,,,,,,,,,,,,,,,,,
Phyto,3/10/2022,11:00,E0322B0472,D16,3,61,8,13.11%,0.0683,314.159,2.049,30,19.17,1733,Teleaulax amphioxeia,Soft Body,Teleaulax,amphioxeia,Plagioselmis prolonga,14,14,6,,,i,BSA.03-04,AB,Moderate sediment.,cone + half sphere,78.25,,,,,,,,,
,,,,,,,,,,,,,,,,,,,,,,,,,,,,,,,,,,,,,,,
Phyto,3/10/2022,11:00,E0322B0472,D16,3,61,8,13.11%,0.0683,314.159,2.049,30,19.17,1419,Eucapsis microscopica,Soft Body,Eucapsis,microscopica,,326,652,0.8,0.8,0.8,c,BSA.03-04,AB,Moderate sediment.,sphere,0.18,0.18,0.18,0.18,0.18,0.18,0.18,0.18,0.18,0.18
Phyto,3/11/2022,13:50,E0322B0510,P8,3,53,7,13.21%,0.0683,314.159,1.1611,17,38.65,46,Achnanthidium sp.,Diatom,Achnanthidium,sp.,,2,2,9.3,,,i,BSA.03-05,CB,High sediment.,elliptic prism,59.31,,,,,,,,,
,,,,,,,,,,,,,,,,,,,,,,,,,,,,,,,,,,,,,,,
,,,,,,,,,,,,,,,,,,,,,,,,,,,,,,,,,,,,,,,
Phyto,3/11/2022,13:50,E0322B0510,P8,3,53,7,13.21%,0.0683,314.159,1.1611,17,38.65,145,Cocconeis placentula,Diatom,Cocconeis,placentula,,1,1,29.6,,,i,BSA.03-05,CB,High sediment.,elliptic prism,2623.51,,,,,,,,,
,,,,,,,,,,,,,,,,,,,,,,,,,,,,,,,,,,,,,,,
,,,,,,,,,,,,,,,,,,,,,,,,,,,,,,,,,,,,,,,
Phyto,3/11/2022,13:50,E0322B0510,P8,3,53,7,13.21%,0.0683,314.159,1.1611,17,38.65,190,cf. Cyclotella sp.,Diatom,Cyclotella,sp.,,6,6,7.4,,,i,BSA.03-05,CB,High sediment.,cylinder,84.82,,,,,,,,,
,,,,,,,,,,,,,,,,,,,,,,,,,,,,,,,,,,,,,,,
Phyto,3/11/2022,13:50,E0322B0510,P8,3,53,7,13.21%,0.0683,314.159,1.1611,17,38.65,1352,Cryptomonas sp.,Soft Body,Cryptomonas,sp.,,2,2,20.4,,,i,BSA.03-05,CB,High sediment.,prolate spheroid,1062.27,,,,,,,,,
,,,,,,,,,,,,,,,,,,,,,,,,,,,,,,,,,,,,,,,
Phyto,3/11/2022,13:50,E0322B0510,P8,3,53,7,13.21%,0.0683,314.159,1.1611,17,38.65,1364,Plagioselmis nannoplanctica,Soft Body,Plagioselmis,nannoplanctica,,9,9,9.3,,,i,BSA.03-05,CB,High sediment.,cone + half sphere,315.2,,,,,,,,,
,,,,,,,,,,,,,,,,,,,,,,,,,,,,,,,,,,,,,,,
Phyto,3/11/2022,13:50,E0322B0510,P8,3,53,7,13.21%,0.0683,314.159,1.1611,17,38.65,1419,Eucapsis microscopica,Soft Body,Eucapsis,microscopica,,386,772,0.8,0.8,0.8,c,BSA.03-05,CB,High sediment.,sphere,0.18,0.18,0.18,0.18,0.18,0.18,0.18,0.18,0.18,0.18
Phyto,3/11/2022,13:50,E0322B0510,P8,3,53,7,13.21%,0.0683,314.159,1.1611,17,38.65,1709,Planktolyngbya sp.,Soft Body,Planktolyngbya,sp.,,1,8,2,,,f,BSA.03-05,CB,High sediment.,cylinder,1.57,,,,,,,,,
,,,,,,,,,,,,,,,,,,,,,,,,,,,,,,,,,,,,,,,
Phyto,3/11/2022,12:10,E0322B0509,MD10A,3,64,10,15.63%,0.0683,314.159,3.415,50,9.2,46,Achnanthidium sp.,Diatom,Achnanthidium,sp.,,1,1,11.1,,,i,BSA.03-06,AB,Cannot meet tally in 50 fields. Low sediment.,elliptic prism,70.62,,,,,,,,,
,,,,,,,,,,,,,,,,,,,,,,,,,,,,,,,,,,,,,,,
,,,,,,,,,,,,,,,,,,,,,,,,,,,,,,,,,,,,,,,
Phyto,3/11/2022,12:10,E0322B0509,MD10A,3,64,10,15.63%,0.0683,314.159,3.415,50,9.2,145,Cocconeis placentula,Diatom,Cocconeis,placentula,,4,4,24.2,,,i,BSA.03-06,AB,Cannot meet tally in 50 fields. Low sediment.,elliptic prism,419.26,,,,,,,,,
,,,,,,,,,,,,,,,,,,,,,,,,,,,,,,,,,,,,,,,
,,,,,,,,,,,,,,,,,,,,,,,,,,,,,,,,,,,,,,,
Phyto,3/11/2022,12:10,E0322B0509,MD10A,3,64,10,15.63%,0.0683,314.159,3.415,50,9.2,749,Nitzschia sp.,Diatom,Nitzschia,sp.,,2,2,38.9,,,i,BSA.03-06,AB,Cannot meet tally in 50 fields. Low sediment.,prism on parallelogram,185.93,,,,,,,,,
,,,,,,,,,,,,,,,,,,,,,,,,,,,,,,,,,,,,,,,
,,,,,,,,,,,,,,,,,,,,,,,,,,,,,,,,,,,,,,,
Phyto,3/11/2022,12:10,E0322B0509,MD10A,3,64,10,15.63%,0.0683,314.159,3.415,50,9.2,973,cf. Synedra sp.,Diatom,Synedra,sp.,,2,2,98.2,,,i,BSA.03-06,AB,Cannot meet tally in 50 fields. Low sediment.,box,786.69,,,,,,,,,
,,,,,,,,,,,,,,,,,,,,,,,,,,,,,,,,,,,,,,,
,,,,,,,,,,,,,,,,,,,,,,,,,,,,,,,,,,,,,,,
Phyto,3/11/2022,12:10,E0322B0509,MD10A,3,64,10,15.63%,0.0683,314.159,3.415,50,9.2,1037,cf. Chlorella sp.,Soft Body,Chlorella,sp.,,9,9,2.6,,,i,BSA.03-06,AB,Cannot meet tally in 50 fields. Low sediment.,sphere,7.24,,,,,,,,,
Phyto,3/11/2022,12:10,E0322B0509,MD10A,3,64,10,15.63%,0.0683,314.159,3.415,50,9.2,1761,Drepanochloris nannoselene,Soft Body,Drepanochloris,nannoselene,,12,12,4.2,,,i,BSA.03-06,AB,Cannot meet tally in 50 fields. Low sediment.,cylinder + 2 cones,5.09,,,,,,,,,
,,,,,,,,,,,,,,,,,,,,,,,,,,,,,,,,,,,,,,,
,,,,,,,,,,,,,,,,,,,,,,,,,,,,,,,,,,,,,,,
Phyto,3/11/2022,12:10,E0322B0509,MD10A,3,64,10,15.63%,0.0683,314.159,3.415,50,9.2,1364,Plagioselmis nannoplanctica,Soft Body,Plagioselmis,nannoplanctica,,85,85,10.4,,,i,BSA.03-06,AB,Cannot meet tally in 50 fields. Low sediment.,cone + half sphere,328.48,,,,,,,,,
,,,,,,,,,,,,,,,,,,,,,,,,,,,,,,,,,,,,,,,
Phyto,3/11/2022,12:10,E0322B0509,MD10A,3,64,10,15.63%,0.0683,314.159,3.415,50,9.2,1419,Eucapsis microscopica,Soft Body,Eucapsis,microscopica,,261,522,0.8,0.8,0.8,c,BSA.03-06,AB,Cannot meet tally in 50 fields. Low sediment.,sphere,0.18,0.18,0.18,0.18,0.18,0.18,0.18,0.18,0.18,0.18
Phyto,3/9/2022,14:15,E0322B0462,C10A,3,59,4,6.78%,0.0683,314.159,1.2977,19,60.52,46,Achnanthidium sp.,Diatom,Achnanthidium,sp.,,3,3,11.1,,,i,BSA.03-07,CB,,elliptic prism,131.91,,,,,,,,,
,,,,,,,,,,,,,,,,,,,,,,,,,,,,,,,,,,,,,,,
,,,,,,,,,,,,,,,,,,,,,,,,,,,,,,,,,,,,,,,
Phyto,3/9/2022,14:15,E0322B0462,C10A,3,59,4,6.78%,0.0683,314.159,1.2977,19,60.52,74,Amphora sp.,Diatom,Amphora,sp.,,1,1,27.8,,,i,BSA.03-07,CB,,cymbelloid,1015.09,,,,,,,,,
,,,,,,,,,,,,,,,,,,,,,,,,,,,,,,,,,,,,,,,
,,,,,,,,,,,,,,,,,,,,,,,,,,,,,,,,,,,,,,,
Phyto,3/9/2022,14:15,E0322B0462,C10A,3,59,4,6.78%,0.0683,314.159,1.2977,19,60.52,95,Aulacoseira sp. ,Diatom,Aulacoseira,sp.,,8,8,27.8,,,i,BSA.03-07,CB,,cylinder,1684.64,,,,,,,,,
,,,,,,,,,,,,,,,,,,,,,,,,,,,,,,,,,,,,,,,
Phyto,3/9/2022,14:15,E0322B0462,C10A,3,59,4,6.78%,0.0683,314.159,1.2977,19,60.52,190,cf. Cyclotella sp.,Diatom,Cyclotella,sp.,,5,5,16.7,,,i,BSA.03-07,CB,,cylinder,347.43,,,,,,,,,
,,,,,,,,,,,,,,,,,,,,,,,,,,,,,,,,,,,,,,,
Phyto,3/9/2022,14:15,E0322B0462,C10A,3,59,4,6.78%,0.0683,314.159,1.2977,19,60.52,631,Navicula sp.,Diatom,Navicula,sp.,,9,9,37,,,i,BSA.03-07,CB,,elliptic prism,350.6,,,,,,,,,
,,,,,,,,,,,,,,,,,,,,,,,,,,,,,,,,,,,,,,,
,,,,,,,,,,,,,,,,,,,,,,,,,,,,,,,,,,,,,,,
Phyto,3/9/2022,14:15,E0322B0462,C10A,3,59,4,6.78%,0.0683,314.159,1.2977,19,60.52,664,Nitzschia acicularis,Diatom,Nitzschia,acicularis,,1,1,75.9,,,i,BSA.03-07,CB,,prism on parallelogram,491.45,,,,,,,,,
,,,,,,,,,,,,,,,,,,,,,,,,,,,,,,,,,,,,,,,
,,,,,,,,,,,,,,,,,,,,,,,,,,,,,,,,,,,,,,,
Phyto,3/9/2022,14:15,E0322B0462,C10A,3,59,4,6.78%,0.0683,314.159,1.2977,19,60.52,749,Nitzschia sp.,Diatom,Nitzschia,sp.,,2,2,27.8,,,i,BSA.03-07,CB,,prism on parallelogram,120.44,,,,,,,,,
,,,,,,,,,,,,,,,,,,,,,,,,,,,,,,,,,,,,,,,
,,,,,,,,,,,,,,,,,,,,,,,,,,,,,,,,,,,,,,,
Phyto,3/9/2022,14:15,E0322B0462,C10A,3,59,4,6.78%,0.0683,314.159,1.2977,19,60.52,895,Skeletonema sp.,Diatom,Skeletonema,sp.,,1,1,16.7,,,i,BSA.03-07,CB,,cylinder + 2 half spheres,179.56,,,,,,,,,
,,,,,,,,,,,,,,,,,,,,,,,,,,,,,,,,,,,,,,,
Phyto,3/9/2022,14:15,E0322B0462,C10A,3,59,4,6.78%,0.0683,314.159,1.2977,19,60.52,1774,Desmodesmus sp.,Soft Body,Desmodesmus,sp.,,1,4,7.4,,,i,BSA.03-07,CB,,prolate spheroid,12.78,,,,,,,,,
,,,,,,,,,,,,,,,,,,,,,,,,,,,,,,,,,,,,,,,
Phyto,3/9/2022,14:15,E0322B0462,C10A,3,59,4,6.78%,0.0683,314.159,1.2977,19,60.52,1761,Drepanochloris nannoselene,Soft Body,Drepanochloris,nannoselene,,3,3,5.6,,,i,BSA.03-07,CB,,cylinder + 2 cones,18.57,,,,,,,,,
,,,,,,,,,,,,,,,,,,,,,,,,,,,,,,,,,,,,,,,
,,,,,,,,,,,,,,,,,,,,,,,,,,,,,,,,,,,,,,,
Phyto,3/9/2022,14:15,E0322B0462,C10A,3,59,4,6.78%,0.0683,314.159,1.2977,19,60.52,1138,Monoraphidium sp.,Soft Body,Monoraphidium,sp.,,7,7,27.8,,,i,BSA.03-07,CB,,2 cones,44.04,,,,,,,,,
,,,,,,,,,,,,,,,,,,,,,,,,,,,,,,,,,,,,,,,
Phyto,3/9/2022,14:15,E0322B0462,C10A,3,59,4,6.78%,0.0683,314.159,1.2977,19,60.52,1364,Plagioselmis nannoplanctica,Soft Body,Plagioselmis,nannoplanctica,,1,1,9.3,,,i,BSA.03-07,CB,,cone + half sphere,337.38,,,,,,,,,
,,,,,,,,,,,,,,,,,,,,,,,,,,,,,,,,,,,,,,,
Phyto,3/9/2022,14:15,E0322B0462,C10A,3,59,4,6.78%,0.0683,314.159,1.2977,19,60.52,1419,Eucapsis microscopica,Soft Body,Eucapsis,microscopica,,368,736,0.8,0.8,0.8,c,BSA.03-07,CB,,sphere,0.18,0.18,0.18,0.18,0.18,0.18,0.18,0.18,0.18,0.18
Phyto,3/9/2022,14:15,E0322B0462,C10A,3,59,4,6.78%,0.0683,314.159,1.2977,19,60.52,1709,Planktolyngbya sp.,Soft Body,Planktolyngbya,sp.,,4,46,2,,,f,BSA.03-07,CB,,cylinder,1.57,,,,,,,,,
,,,,,,,,,,,,,,,,,,,,,,,,,,,,,,,,,,,,,,,
Phyto,3/11/2022,10:25,E0322B0508,D26,3,58,7,12.07%,0.0683,314.159,2.8686,42,15.65,145,Cocconeis placentula,Diatom,Cocconeis,placentula,,4,4,24.5,,,i,BSA.03-08,AB,Moderate detritus.,elliptic prism,384.53,,,,,,,,,
,,,,,,,,,,,,,,,,,,,,,,,,,,,,,,,,,,,,,,,
,,,,,,,,,,,,,,,,,,,,,,,,,,,,,,,,,,,,,,,
Phyto,3/11/2022,10:25,E0322B0508,D26,3,58,7,12.07%,0.0683,314.159,2.8686,42,15.65,190,Cyclotella sp.,Diatom,Cyclotella,sp.,,31,31,14.6,,,i,BSA.03-08,AB,Moderate detritus.,cylinder,491.6,,,,,,,,,
,,,,,,,,,,,,,,,,,,,,,,,,,,,,,,,,,,,,,,,
Phyto,3/11/2022,10:25,E0322B0508,D26,3,58,7,12.07%,0.0683,314.159,2.8686,42,15.65,631,Navicula sp.,Diatom,Navicula,sp.,,1,1,29.6,,,i,BSA.03-08,AB,Moderate detritus.,elliptic prism,813.67,,,,,,,,,
,,,,,,,,,,,,,,,,,,,,,,,,,,,,,,,,,,,,,,,
,,,,,,,,,,,,,,,,,,,,,,,,,,,,,,,,,,,,,,,
Phyto,3/11/2022,10:25,E0322B0508,D26,3,58,7,12.07%,0.0683,314.159,2.8686,42,15.65,664,Nitzschia cf. acicularis,Diatom,Nitzschia,acicularis,,1,1,29.6,,,i,BSA.03-08,AB,Moderate detritus.,prism on parallelogram,65.12,,,,,,,,,
,,,,,,,,,,,,,,,,,,,,,,,,,,,,,,,,,,,,,,,
,,,,,,,,,,,,,,,,,,,,,,,,,,,,,,,,,,,,,,,
Phyto,3/11/2022,10:25,E0322B0508,D26,3,58,7,12.07%,0.0683,314.159,2.8686,42,15.65,749,Nitzschia sp.,Diatom,Nitzschia,sp.,,2,2,57.4,,,i,BSA.03-08,AB,Moderate detritus.,prism on parallelogram,330.05,,,,,,,,,
,,,,,,,,,,,,,,,,,,,,,,,,,,,,,,,,,,,,,,,
,,,,,,,,,,,,,,,,,,,,,,,,,,,,,,,,,,,,,,,
Phyto,3/11/2022,10:25,E0322B0508,D26,3,58,7,12.07%,0.0683,314.159,2.8686,42,15.65,921,cf. Staurosira sp.,Diatom,Staurosira,sp.,,1,1,16.7,,,i,BSA.03-08,AB,Moderate detritus.,elliptic prism,121.32,,,,,,,,,
,,,,,,,,,,,,,,,,,,,,,,,,,,,,,,,,,,,,,,,
,,,,,,,,,,,,,,,,,,,,,,,,,,,,,,,,,,,,,,,
Phyto,3/11/2022,10:25,E0322B0508,D26,3,58,7,12.07%,0.0683,314.159,2.8686,42,15.65,1364,Plagioselmis nannoplanctica,Soft Body,Plagioselmis,nannoplanctica,,33,33,11.8,,,i,BSA.03-08,AB,Moderate detritus.,cone + half sphere,458.93,,,,,,,,,
,,,,,,,,,,,,,,,,,,,,,,,,,,,,,,,,,,,,,,,
Phyto,3/11/2022,10:25,E0322B0508,D26,3,58,7,12.07%,0.0683,314.159,2.8686,42,15.65,1733,Teleaulax amphioxeia,Soft Body,Teleaulax,amphioxeia,Plagioselmis prolonga,12,12,6.1,,,i,BSA.03-08,AB,Moderate detritus.,cone + half sphere,72.86,,,,,,,,,
,,,,,,,,,,,,,,,,,,,,,,,,,,,,,,,,,,,,,,,
Phyto,3/11/2022,10:25,E0322B0508,D26,3,58,7,12.07%,0.0683,314.159,2.8686,42,15.65,1419,Eucapsis microscopica,Soft Body,Eucapsis,microscopica,,316,632,0.8,0.8,0.8,c,BSA.03-08,AB,Moderate detritus.,sphere,0.18,0.18,0.18,0.18,0.18,0.18,0.18,0.18,0.18,0.18
Phyto,3/10/2022,12:00,E0322B0473,D19,3,60,5,8.33%,0.0683,314.159,1.1611,17,54.11,145,Cocconeis placentula,Diatom,Cocconeis,placentula,,1,1,24.1,,,i,BSA.03-09,CB,,elliptic prism,1232.6,,,,,,,,,
,,,,,,,,,,,,,,,,,,,,,,,,,,,,,,,,,,,,,,,
,,,,,,,,,,,,,,,,,,,,,,,,,,,,,,,,,,,,,,,
Phyto,3/10/2022,12:00,E0322B0473,D19,3,60,5,8.33%,0.0683,314.159,1.1611,17,54.11,190,Cyclotella sp.,Diatom,Cyclotella,sp.,,13,13,9.3,,,i,BSA.03-09,CB,,cylinder,216.52,,,,,,,,,
,,,,,,,,,,,,,,,,,,,,,,,,,,,,,,,,,,,,,,,
Phyto,3/10/2022,12:00,E0322B0473,D19,3,60,5,8.33%,0.0683,314.159,1.1611,17,54.11,749,Nitzschia sp.,Diatom,Nitzschia,sp.,,3,3,33.3,,,i,BSA.03-09,CB,,prism on parallelogram,200.47,,,,,,,,,
,,,,,,,,,,,,,,,,,,,,,,,,,,,,,,,,,,,,,,,
,,,,,,,,,,,,,,,,,,,,,,,,,,,,,,,,,,,,,,,
Phyto,3/10/2022,12:00,E0322B0473,D19,3,60,5,8.33%,0.0683,314.159,1.1611,17,54.11,895,Skeletonema sp.,Diatom,Skeletonema,sp.,,1,1,16.7,,,i,BSA.03-09,CB,,cylinder + 2 half spheres,179.56,,,,,,,,,
,,,,,,,,,,,,,,,,,,,,,,,,,,,,,,,,,,,,,,,
Phyto,3/10/2022,12:00,E0322B0473,D19,3,60,5,8.33%,0.0683,314.159,1.1611,17,54.11,987,Thalassiosira sp.,Diatom,Thalassiosira,sp.,,1,1,40.7,,,i,BSA.03-09,CB,,cylinder,26410.36,,,,,,,,,
,,,,,,,,,,,,,,,,,,,,,,,,,,,,,,,,,,,,,,,
Phyto,3/10/2022,12:00,E0322B0473,D19,3,60,5,8.33%,0.0683,314.159,1.1611,17,54.11,1352,Cryptomonas sp.,Soft Body,Cryptomonas,sp.,,2,2,24.1,,,i,BSA.03-09,CB,,prolate spheroid,1398.99,,,,,,,,,
,,,,,,,,,,,,,,,,,,,,,,,,,,,,,,,,,,,,,,,
Phyto,3/10/2022,12:00,E0322B0473,D19,3,60,5,8.33%,0.0683,314.159,1.1611,17,54.11,1364,Plagioselmis nannoplanctica,Soft Body,Plagioselmis,nannoplanctica,,15,15,9.3,,,i,BSA.03-09,CB,,cone + half sphere,292.39,,,,,,,,,
,,,,,,,,,,,,,,,,,,,,,,,,,,,,,,,,,,,,,,,
Phyto,3/10/2022,12:00,E0322B0473,D19,3,60,5,8.33%,0.0683,314.159,1.1611,17,54.11,1419,Eucapsis microscopica,Soft Body,Eucapsis,microscopica,,365,730,0.8,0.8,0.8,c,BSA.03-09,CB,,sphere,0.18,0.18,0.18,0.18,0.18,0.18,0.18,0.18,0.18,0.18
Phyto,3/10/2022,12:00,E0322B0473,D19,3,60,5,8.33%,0.0683,314.159,1.1611,17,54.11,1709,Planktolyngbya sp.,Soft Body,Planktolyngbya,sp.,,1,16,2,,,f,BSA.03-09,CB,,cylinder,1.57,,,,,,,,,
,,,,,,,,,,,,,,,,,,,,,,,,,,,,,,,,,,,,,,,
Phyto,3/15/2022,14:05,E0322B0603,D10,3,60,2,3.33%,0.0683,314.159,2.049,30,76.66,190,Cyclotella sp.,Diatom,Cyclotella,sp.,,7,7,9.5,,,i,BSA.03-10,AB,Moderate sediment and detritus.,cylinder,115.34,,,,,,,,,
,,,,,,,,,,,,,,,,,,,,,,,,,,,,,,,,,,,,,,,
Phyto,3/15/2022,14:05,E0322B0603,D10,3,60,2,3.33%,0.0683,314.159,2.049,30,76.66,319,Entomoneis sp.,Diatom,Entomoneis,sp.,,13,13,48.6,,,i,BSA.03-10,AB,Moderate sediment and detritus.,elliptic prism,3650.64,,,,,,,,,
,,,,,,,,,,,,,,,,,,,,,,,,,,,,,,,,,,,,,,,
,,,,,,,,,,,,,,,,,,,,,,,,,,,,,,,,,,,,,,,
Phyto,3/15/2022,14:05,E0322B0603,D10,3,60,2,3.33%,0.0683,314.159,2.049,30,76.66,631,Navicula sp.,Diatom,Navicula,sp.,,1,1,14.1,,,i,BSA.03-10,AB,Moderate sediment and detritus.,elliptic prism,44.3,,,,,,,,,
,,,,,,,,,,,,,,,,,,,,,,,,,,,,,,,,,,,,,,,
,,,,,,,,,,,,,,,,,,,,,,,,,,,,,,,,,,,,,,,
Phyto,3/15/2022,14:05,E0322B0603,D10,3,60,2,3.33%,0.0683,314.159,2.049,30,76.66,750,Nitzschia spp.,Diatom,Nitzschia,spp.,,3,3,55.6,,,i,BSA.03-10,AB,Moderate sediment and detritus.,prism on parallelogram,124.8,,,,,,,,,
,,,,,,,,,,,,,,,,,,,,,,,,,,,,,,,,,,,,,,,
,,,,,,,,,,,,,,,,,,,,,,,,,,,,,,,,,,,,,,,
Phyto,3/15/2022,14:05,E0322B0603,D10,3,60,2,3.33%,0.0683,314.159,2.049,30,76.66,1364,Plagioselmis nannoplanctica,Soft Body,Plagioselmis,nannoplanctica,,1,1,9.5,,,i,BSA.03-10,AB,Moderate sediment and detritus.,cone + half sphere,333.15,,,,,,,,,
,,,,,,,,,,,,,,,,,,,,,,,,,,,,,,,,,,,,,,,
Phyto,3/15/2022,14:05,E0322B0603,D10,3,60,2,3.33%,0.0683,314.159,2.049,30,76.66,1419,Eucapsis microscopica,Soft Body,Eucapsis,microscopica,,390,780,0.8,0.8,0.8,c,BSA.03-10,AB,Moderate sediment and detritus.,sphere,0.18,0.18,0.18,0.18,0.18,0.18,0.18,0.18,0.18,0.18
Phyto,3/10/2022,9:45,E0322B0471,D12,3,58,3,5.17%,0.0683,314.159,1.366,20,76.66,190,Cyclotella sp.,Diatom,Cyclotella,sp.,,1,1,13,,,i,BSA.03-11,CB,,cylinder,730.03,,,,,,,,,
,,,,,,,,,,,,,,,,,,,,,,,,,,,,,,,,,,,,,,,
Phyto,3/10/2022,9:45,E0322B0471,D12,3,58,3,5.17%,0.0683,314.159,1.366,20,76.66,319,Entomoneis sp.,Diatom,Entomoneis,sp.,,8,8,55.6,,,i,BSA.03-11,CB,,elliptic prism,3622.83,,,,,,,,,
,,,,,,,,,,,,,,,,,,,,,,,,,,,,,,,,,,,,,,,
,,,,,,,,,,,,,,,,,,,,,,,,,,,,,,,,,,,,,,,
Phyto,3/10/2022,9:45,E0322B0471,D12,3,58,3,5.17%,0.0683,314.159,1.366,20,76.66,664,Nitzschia acicularis,Diatom,Nitzschia,acicularis,,1,1,74.1,,,i,BSA.03-11,CB,,prism on parallelogram,507.21,,,,,,,,,
,,,,,,,,,,,,,,,,,,,,,,,,,,,,,,,,,,,,,,,
,,,,,,,,,,,,,,,,,,,,,,,,,,,,,,,,,,,,,,,
Phyto,3/10/2022,9:45,E0322B0471,D12,3,58,3,5.17%,0.0683,314.159,1.366,20,76.66,1419,Eucapsis microscopica,Soft Body,Eucapsis,microscopica,,395,790,0.8,0.8,0.8,c,BSA.03-11,CB,,sphere,0.18,0.18,0.18,0.18,0.18,0.18,0.18,0.18,0.18,0.18
Phyto,3/16/2022,11:15,E0322B0643,D7,3,62,3,4.84%,0.0683,314.159,1.5026,22,69.69,190,Cyclotella sp.,Diatom,Cyclotella,sp.,,23,23,9.7,,,i,BSA.03-12,AB,Moderate sediment and detritus.,cylinder,136.85,,,,,,,,,
,,,,,,,,,,,,,,,,,,,,,,,,,,,,,,,,,,,,,,,
Phyto,3/16/2022,11:15,E0322B0643,D7,3,62,3,4.84%,0.0683,314.159,1.5026,22,69.69,319,Entomoneis sp.,Diatom,Entomoneis,sp.,,6,6,55.8,,,i,BSA.03-12,AB,Moderate sediment and detritus.,elliptic prism,6364.49,,,,,,,,,
,,,,,,,,,,,,,,,,,,,,,,,,,,,,,,,,,,,,,,,
,,,,,,,,,,,,,,,,,,,,,,,,,,,,,,,,,,,,,,,
Phyto,3/16/2022,11:15,E0322B0643,D7,3,62,3,4.84%,0.0683,314.159,1.5026,22,69.69,1364,Plagioselmis nannoplanctica,Soft Body,Plagioselmis,nannoplanctica,,3,3,10.8,,,i,BSA.03-12,AB,Moderate sediment and detritus.,cone + half sphere,438.83,,,,,,,,,
,,,,,,,,,,,,,,,,,,,,,,,,,,,,,,,,,,,,,,,
Phyto,3/16/2022,11:15,E0322B0643,D7,3,62,3,4.84%,0.0683,314.159,1.5026,22,69.69,1419,Eucapsis microscopica,Soft Body,Eucapsis,microscopica,,387,774,0.8,0.8,0.8,c,BSA.03-12,AB,Moderate sediment and detritus.,sphere,0.18,0.18,0.18,0.18,0.18,0.18,0.18,0.18,0.18,0.18
Phyto,3/17/2022,10:45,E0322B0648,D41A,3,63,2,3.17%,0.0683,314.159,1.366,20,114.99,147,Cocconeis sp.,Diatom,Cocconeis,sp.,,1,1,16.7,,,i,BSA.03-13,CB,,elliptic prism,378.14,,,,,,,,,
,,,,,,,,,,,,,,,,,,,,,,,,,,,,,,,,,,,,,,,
,,,,,,,,,,,,,,,,,,,,,,,,,,,,,,,,,,,,,,,
Phyto,3/17/2022,10:45,E0322B0648,D41A,3,63,2,3.17%,0.0683,314.159,1.366,20,114.99,190,Cyclotella sp.,Diatom,Cyclotella,sp.,,5,5,14.8,,,i,BSA.03-13,CB,,cylinder,347.43,,,,,,,,,
,,,,,,,,,,,,,,,,,,,,,,,,,,,,,,,,,,,,,,,
Phyto,3/17/2022,10:45,E0322B0648,D41A,3,63,2,3.17%,0.0683,314.159,1.366,20,114.99,631,Navicula sp.,Diatom,Navicula,sp.,,1,1,35.2,,,i,BSA.03-13,CB,,elliptic prism,378.47,,,,,,,,,
,,,,,,,,,,,,,,,,,,,,,,,,,,,,,,,,,,,,,,,
,,,,,,,,,,,,,,,,,,,,,,,,,,,,,,,,,,,,,,,
Phyto,3/17/2022,10:45,E0322B0648,D41A,3,63,2,3.17%,0.0683,314.159,1.366,20,114.99,1037,cf. Chlorella sp.,Soft Body,Chlorella,sp.,,1,1,3.7,,,i,BSA.03-13,CB,,sphere,26.52,,,,,,,,,
Phyto,3/17/2022,10:45,E0322B0648,D41A,3,63,2,3.17%,0.0683,314.159,1.366,20,114.99,1364,Plagioselmis nannoplanctica,Soft Body,Plagioselmis,nannoplanctica,,3,3,11.1,,,i,BSA.03-13,CB,,cone + half sphere,337.38,,,,,,,,,
,,,,,,,,,,,,,,,,,,,,,,,,,,,,,,,,,,,,,,,
Phyto,3/17/2022,10:45,E0322B0648,D41A,3,63,2,3.17%,0.0683,314.159,1.366,20,114.99,1419,Eucapsis microscopica,Soft Body,Eucapsis,microscopica,,400,800,0.8,0.8,0.8,c,BSA.03-13,CB,,sphere,0.18,0.18,0.18,0.18,0.18,0.18,0.18,0.18,0.18,0.18
Phyto,3/14/2022,12:50,E0322B0535,D4,3,56,5,8.93%,0.0683,314.159,1.6392,24,38.33,190,Cyclotella sp.,Diatom,Cyclotella,sp.,,4,4,9,,,i,BSA.03-14,AB,Moderate sediment and detritus.,cylinder,166.93,,,,,,,,,
,,,,,,,,,,,,,,,,,,,,,,,,,,,,,,,,,,,,,,,
Phyto,3/14/2022,12:50,E0322B0535,D4,3,56,5,8.93%,0.0683,314.159,1.6392,24,38.33,319,Entomoneis sp.,Diatom,Entomoneis,sp.,,16,16,63.2,,,i,BSA.03-14,AB,Moderate sediment and detritus.,elliptic prism,9415.23,,,,,,,,,
,,,,,,,,,,,,,,,,,,,,,,,,,,,,,,,,,,,,,,,
,,,,,,,,,,,,,,,,,,,,,,,,,,,,,,,,,,,,,,,
Phyto,3/14/2022,12:50,E0322B0535,D4,3,56,5,8.93%,0.0683,314.159,1.6392,24,38.33,749,Nitzschia sp.,Diatom,Nitzschia,sp.,,1,1,18.5,,,i,BSA.03-14,AB,Moderate sediment and detritus.,prism on parallelogram,118.4,,,,,,,,,
,,,,,,,,,,,,,,,,,,,,,,,,,,,,,,,,,,,,,,,
,,,,,,,,,,,,,,,,,,,,,,,,,,,,,,,,,,,,,,,
Phyto,3/14/2022,12:50,E0322B0535,D4,3,56,5,8.93%,0.0683,314.159,1.6392,24,38.33,1704,Monoraphidium cf. minutum,Soft Body,Monoraphidium,minutum,,1,1,9,,,i,BSA.03-14,AB,Moderate sediment and detritus.,2 cones,29.45,,,,,,,,,
,,,,,,,,,,,,,,,,,,,,,,,,,,,,,,,,,,,,,,,
Phyto,3/14/2022,12:50,E0322B0535,D4,3,56,5,8.93%,0.0683,314.159,1.6392,24,38.33,1364,Plagioselmis nannoplanctica,Soft Body,Plagioselmis,nannoplanctica,,26,26,13,,,i,BSA.03-14,AB,Moderate sediment and detritus.,cone + half sphere,296.88,,,,,,,,,
,,,,,,,,,,,,,,,,,,,,,,,,,,,,,,,,,,,,,,,
Phyto,3/14/2022,12:50,E0322B0535,D4,3,56,5,8.93%,0.0683,314.159,1.6392,24,38.33,1419,Eucapsis microscopica,Soft Body,Eucapsis,microscopica,,367,734,0.8,0.8,0.8,c,BSA.03-14,AB,Moderate sediment and detritus.,sphere,0.18,0.18,0.18,0.18,0.18,0.18,0.18,0.18,0.18,0.18
Phyto,3/14/2022,14:25,E0322B0536,D22,3,58,4,6.90%,0.0683,314.159,1.1611,17,67.64,46,Achnanthidium sp.,Diatom,Achnanthidium,sp.,,2,2,9.3,,,i,BSA.03-15,CB,,elliptic prism,85.44,,,,,,,,,
,,,,,,,,,,,,,,,,,,,,,,,,,,,,,,,,,,,,,,,
,,,,,,,,,,,,,,,,,,,,,,,,,,,,,,,,,,,,,,,
Phyto,3/14/2022,14:25,E0322B0536,D22,3,58,4,6.90%,0.0683,314.159,1.1611,17,67.64,145,Cocconeis placentula,Diatom,Cocconeis,placentula,,2,2,18.5,,,i,BSA.03-15,CB,,elliptic prism,297.47,,,,,,,,,
,,,,,,,,,,,,,,,,,,,,,,,,,,,,,,,,,,,,,,,
,,,,,,,,,,,,,,,,,,,,,,,,,,,,,,,,,,,,,,,
Phyto,3/14/2022,14:25,E0322B0536,D22,3,58,4,6.90%,0.0683,314.159,1.1611,17,67.64,190,Cyclotella sp.,Diatom,Cyclotella,sp.,,6,6,7.4,,,i,BSA.03-15,CB,,cylinder,116.35,,,,,,,,,
,,,,,,,,,,,,,,,,,,,,,,,,,,,,,,,,,,,,,,,
Phyto,3/14/2022,14:25,E0322B0536,D22,3,58,4,6.90%,0.0683,314.159,1.1611,17,67.64,319,Entomoneis sp.,Diatom,Entomoneis,sp.,,2,2,61.1,,,i,BSA.03-15,CB,,elliptic prism,8126.12,,,,,,,,,
,,,,,,,,,,,,,,,,,,,,,,,,,,,,,,,,,,,,,,,
,,,,,,,,,,,,,,,,,,,,,,,,,,,,,,,,,,,,,,,
Phyto,3/14/2022,14:25,E0322B0536,D22,3,58,4,6.90%,0.0683,314.159,1.1611,17,67.64,481,Gyrosigma sp.,Diatom,Gyrosigma,sp.,,1,1,96.7,,,i,BSA.03-15,CB,,prism on parallelogram,10060.67,,,,,,,,,
,,,,,,,,,,,,,,,,,,,,,,,,,,,,,,,,,,,,,,,
,,,,,,,,,,,,,,,,,,,,,,,,,,,,,,,,,,,,,,,
Phyto,3/14/2022,14:25,E0322B0536,D22,3,58,4,6.90%,0.0683,314.159,1.1611,17,67.64,749,cf. Nitzschia sp.,Diatom,Nitzschia,sp.,,3,3,74.1,,,i,BSA.03-15,CB,,prism on parallelogram,396.42,,,,,,,,,
,,,,,,,,,,,,,,,,,,,,,,,,,,,,,,,,,,,,,,,
,,,,,,,,,,,,,,,,,,,,,,,,,,,,,,,,,,,,,,,
Phyto,3/14/2022,14:25,E0322B0536,D22,3,58,4,6.90%,0.0683,314.159,1.1611,17,67.64,956,cf. Surirella sp.,Diatom,Surirella,sp.,,1,1,18.5,,,i,BSA.03-15,CB,,elliptic prism,887.05,,,,,,,,,
,,,,,,,,,,,,,,,,,,,,,,,,,,,,,,,,,,,,,,,
,,,,,,,,,,,,,,,,,,,,,,,,,,,,,,,,,,,,,,,
Phyto,3/14/2022,14:25,E0322B0536,D22,3,58,4,6.90%,0.0683,314.159,1.1611,17,67.64,987,Thalassiosira sp.,Diatom,Thalassiosira,sp.,,1,1,35.2,,,i,BSA.03-15,CB,,cylinder,17127.24,,,,,,,,,
,,,,,,,,,,,,,,,,,,,,,,,,,,,,,,,,,,,,,,,
Phyto,3/14/2022,14:25,E0322B0536,D22,3,58,4,6.90%,0.0683,314.159,1.1611,17,67.64,1138,Monoraphidium sp.,Soft Body,Monoraphidium,sp.,,1,1,20.4,,,i,BSA.03-15,CB,,2 cones,38.56,,,,,,,,,
,,,,,,,,,,,,,,,,,,,,,,,,,,,,,,,,,,,,,,,
Phyto,3/14/2022,14:25,E0322B0536,D22,3,58,4,6.90%,0.0683,314.159,1.1611,17,67.64,1364,Plagioselmis nannoplanctica,Soft Body,Plagioselmis,nannoplanctica,,7,7,9.3,,,i,BSA.03-15,CB,,cone + half sphere,223.56,,,,,,,,,
,,,,,,,,,,,,,,,,,,,,,,,,,,,,,,,,,,,,,,,
Phyto,3/14/2022,14:25,E0322B0536,D22,3,58,4,6.90%,0.0683,314.159,1.1611,17,67.64,1419,Eucapsis microscopica,Soft Body,Eucapsis,microscopica,,376,752,0.8,0.8,0.8,c,BSA.03-15,CB,,sphere,0.18,0.18,0.18,0.18,0.18,0.18,0.18,0.18,0.18,0.18
Phyto,3/14/2022,14:25,E0322B0536,D22,3,58,4,6.90%,0.0683,314.159,1.1611,17,67.64,1709,Planktolyngbya sp.,Soft Body,Planktolyngbya,sp.,,1,10,2,,,f,BSA.03-15,CB,,cylinder,1.57,,,,,,,,,
,,,,,,,,,,,,,,,,,,,,,,,,,,,,,,,,,,,,,,,
Phyto,3/14/2022,15:20,E0322B0537,NZ068,3,57,6,10.53%,0.0683,314.159,2.3905,35,21.9,46,Achnanthidium sp.,Diatom,Achnanthidium,sp.,,1,1,13,,,i,BSA.03-16,AB,Moderate sediment.,elliptic prism,75.04,,,,,,,,,
,,,,,,,,,,,,,,,,,,,,,,,,,,,,,,,,,,,,,,,
,,,,,,,,,,,,,,,,,,,,,,,,,,,,,,,,,,,,,,,
Phyto,3/14/2022,15:20,E0322B0537,NZ068,3,57,6,10.53%,0.0683,314.159,2.3905,35,21.9,190,Cyclotella sp.,Diatom,Cyclotella,sp.,,9,9,11,,,i,BSA.03-16,AB,Moderate sediment.,cylinder,248.21,,,,,,,,,
,,,,,,,,,,,,,,,,,,,,,,,,,,,,,,,,,,,,,,,
Phyto,3/14/2022,15:20,E0322B0537,NZ068,3,57,6,10.53%,0.0683,314.159,2.3905,35,21.9,923,Staurosira cf. venter,Diatom,Staurosira,venter,,3,3,14.1,,,i,BSA.03-16,AB,Moderate sediment.,elliptic prism,98.08,,,,,,,,,
,,,,,,,,,,,,,,,,,,,,,,,,,,,,,,,,,,,,,,,
,,,,,,,,,,,,,,,,,,,,,,,,,,,,,,,,,,,,,,,
Phyto,3/14/2022,15:20,E0322B0537,NZ068,3,57,6,10.53%,0.0683,314.159,2.3905,35,21.9,1364,Plagioselmis nannoplanctica,Soft Body,Plagioselmis,nannoplanctica,,33,33,13,,,i,BSA.03-16,AB,Moderate sediment.,cone + half sphere,303.51,,,,,,,,,
,,,,,,,,,,,,,,,,,,,,,,,,,,,,,,,,,,,,,,,
Phyto,3/14/2022,15:20,E0322B0537,NZ068,3,57,6,10.53%,0.0683,314.159,2.3905,35,21.9,1419,Eucapsis microscopica,Soft Body,Eucapsis,microscopica,,358,716,0.8,0.8,0.8,c,BSA.03-16,AB,Moderate sediment.,sphere,0.18,0.18,0.18,0.18,0.18,0.18,0.18,0.18,0.18,0.18
Phyto,3/16/2022,12:35,E0322B0644,NZS42,3,58,1,1.72%,0.0683,314.159,2.732,40,114.99,190,Cyclotella sp.,Diatom,Cyclotella,sp.,,7,7,10.4,,,i,BSA.03-17,AB,High sediment.,cylinder,189.24,,,,,,,,,
,,,,,,,,,,,,,,,,,,,,,,,,,,,,,,,,,,,,,,,
Phyto,3/16/2022,12:35,E0322B0644,NZS42,3,58,1,1.72%,0.0683,314.159,2.732,40,114.99,319,Entomoneis sp.,Diatom,Entomoneis,sp.,,6,6,48.2,,,i,BSA.03-17,AB,High sediment.,elliptic prism,9046.93,,,,,,,,,
,,,,,,,,,,,,,,,,,,,,,,,,,,,,,,,,,,,,,,,
,,,,,,,,,,,,,,,,,,,,,,,,,,,,,,,,,,,,,,,
Phyto,3/16/2022,12:35,E0322B0644,NZS42,3,58,1,1.72%,0.0683,314.159,2.732,40,114.99,749,Nitzschia sp.,Diatom,Nitzschia,sp.,,1,1,14.5,,,i,BSA.03-17,AB,High sediment.,prism on parallelogram,46.4,,,,,,,,,
,,,,,,,,,,,,,,,,,,,,,,,,,,,,,,,,,,,,,,,
,,,,,,,,,,,,,,,,,,,,,,,,,,,,,,,,,,,,,,,
Phyto,3/16/2022,12:35,E0322B0644,NZS42,3,58,1,1.72%,0.0683,314.159,2.732,40,114.99,1704,Monoraphidium minutum,Soft Body,Monoraphidium,minutum,,1,1,7,,,i,BSA.03-17,AB,High sediment.,2 cones,32.99,,,,,,,,,
,,,,,,,,,,,,,,,,,,,,,,,,,,,,,,,,,,,,,,,
Phyto,3/16/2022,12:35,E0322B0644,NZS42,3,58,1,1.72%,0.0683,314.159,2.732,40,114.99,1419,Eucapsis microscopica,Soft Body,Eucapsis,microscopica,,395,790,0.8,0.8,0.8,c,BSA.03-17,AB,High sediment.,sphere,0.18,0.18,0.18,0.18,0.18,0.18,0.18,0.18,0.18,0.18
Phyto,3/16/2022,13:45,E0322B0645,NZ032,3,50,2,4.00%,0.0683,314.159,1.2977,19,121.04,190,cf. Cyclotella sp.,Diatom,Cyclotella,sp.,,6,6,11.1,,,i,BSA.03-18,CB,,cylinder,159.13,,,,,,,,,
,,,,,,,,,,,,,,,,,,,,,,,,,,,,,,,,,,,,,,,
Phyto,3/16/2022,13:45,E0322B0645,NZ032,3,50,2,4.00%,0.0683,314.159,1.2977,19,121.04,319,Entomoneis sp.,Diatom,Entomoneis,sp.,,6,6,74.1,,,i,BSA.03-18,CB,,elliptic prism,6613.9,,,,,,,,,
,,,,,,,,,,,,,,,,,,,,,,,,,,,,,,,,,,,,,,,
,,,,,,,,,,,,,,,,,,,,,,,,,,,,,,,,,,,,,,,
Phyto,3/16/2022,13:45,E0322B0645,NZ032,3,50,2,4.00%,0.0683,314.159,1.2977,19,121.04,1235,Scenedesmus sp.,Soft Body,Scenedesmus,sp.,,1,2,7.4,,,i,BSA.03-18,CB,,prolate spheroid,13.99,,,,,,,,,
,,,,,,,,,,,,,,,,,,,,,,,,,,,,,,,,,,,,,,,
Phyto,3/16/2022,13:45,E0322B0645,NZ032,3,50,2,4.00%,0.0683,314.159,1.2977,19,121.04,1352,Cryptomonas sp.,Soft Body,Cryptomonas,sp.,,1,1,18.5,,,i,BSA.03-18,CB,,prolate spheroid,530.44,,,,,,,,,
,,,,,,,,,,,,,,,,,,,,,,,,,,,,,,,,,,,,,,,
Phyto,3/16/2022,13:45,E0322B0645,NZ032,3,50,2,4.00%,0.0683,314.159,1.2977,19,121.04,1419,Eucapsis microscopica,Soft Body,Eucapsis,microscopica,,390,780,0.8,0.8,0.8,c,BSA.03-18,CB,,sphere,0.18,0.18,0.18,0.18,0.18,0.18,0.18,0.18,0.18,0.18
Phyto,3/16/2022,13:45,E0322B0645,NZ032,3,50,2,4.00%,0.0683,314.159,1.2977,19,121.04,1709,Planktolyngbya sp.,Soft Body,Planktolyngbya,sp.,,1,10,2,,,i,BSA.03-18,CB,,cylinder,1.57,,,,,,,,,
,,,,,,,,,,,,,,,,,,,,,,,,,,,,,,,,,,,,,,,
Phyto,3/15/2022,12:30,E0322B0601,D6,3,60,3,5.00%,0.0683,314.159,1.2977,19,80.7,190,cf. Cyclotella sp.,Diatom,Cyclotella,sp.,,6,6,11.1,,,i,BSA.03-19,CB,,cylinder,273.73,,,,,,,,,
,,,,,,,,,,,,,,,,,,,,,,,,,,,,,,,,,,,,,,,
Phyto,3/15/2022,12:30,E0322B0601,D6,3,60,3,5.00%,0.0683,314.159,1.2977,19,80.7,749,Nitzschia sp.,Diatom,Nitzschia,sp.,,2,2,27.7,,,i,BSA.03-19,CB,,prism on parallelogram,156.05,,,,,,,,,
,,,,,,,,,,,,,,,,,,,,,,,,,,,,,,,,,,,,,,,
,,,,,,,,,,,,,,,,,,,,,,,,,,,,,,,,,,,,,,,
Phyto,3/15/2022,12:30,E0322B0601,D6,3,60,3,5.00%,0.0683,314.159,1.2977,19,80.7,1352,Cryptomonas sp.,Soft Body,Cryptomonas,sp.,,1,1,13,,,i,BSA.03-19,CB,,prolate spheroid,372.74,,,,,,,,,
,,,,,,,,,,,,,,,,,,,,,,,,,,,,,,,,,,,,,,,
Phyto,3/15/2022,12:30,E0322B0601,D6,3,60,3,5.00%,0.0683,314.159,1.2977,19,80.7,1364,Plagioselmis nannoplanctica,Soft Body,Plagioselmis,nannoplanctica,,7,7,9.3,,,i,BSA.03-19,CB,,cone + half sphere,230.76,,,,,,,,,
,,,,,,,,,,,,,,,,,,,,,,,,,,,,,,,,,,,,,,,
Phyto,3/15/2022,12:30,E0322B0601,D6,3,60,3,5.00%,0.0683,314.159,1.2977,19,80.7,1419,Eucapsis microscopica,Soft Body,Eucapsis,microscopica,,386,772,0.8,0.8,0.8,c,BSA.03-19,CB,,sphere,0.18,0.18,0.18,0.18,0.18,0.18,0.18,0.18,0.18,0.18
Phyto,3/14/2022,13:45,E0322B0568,EZ2,3,62,3,4.84%,0.0683,314.159,1.366,20,76.66,145,Cocconeis placentula,Diatom,Cocconeis,placentula,,1,1,18.5,,,i,BSA.03-20,CB,,elliptic prism,596.74,,,,,,,,,
,,,,,,,,,,,,,,,,,,,,,,,,,,,,,,,,,,,,,,,
,,,,,,,,,,,,,,,,,,,,,,,,,,,,,,,,,,,,,,,
Phyto,3/14/2022,13:45,E0322B0568,EZ2,3,62,3,4.84%,0.0683,314.159,1.366,20,76.66,190,cf. Cyclotella sp.,Diatom,Cyclotella,sp.,,1,1,9.3,,,i,BSA.03-20,CB,,cylinder,312.47,,,,,,,,,
,,,,,,,,,,,,,,,,,,,,,,,,,,,,,,,,,,,,,,,
Phyto,3/14/2022,13:45,E0322B0568,EZ2,3,62,3,4.84%,0.0683,314.159,1.366,20,76.66,319,Entomoneis sp.,Diatom,Entomoneis,sp.,,11,11,64.8,,,i,BSA.03-20,CB,,elliptic prism,7045.12,,,,,,,,,
,,,,,,,,,,,,,,,,,,,,,,,,,,,,,,,,,,,,,,,
,,,,,,,,,,,,,,,,,,,,,,,,,,,,,,,,,,,,,,,
Phyto,3/14/2022,13:45,E0322B0568,EZ2,3,62,3,4.84%,0.0683,314.159,1.366,20,76.66,749,Nitzschia sp.,Diatom,Nitzschia,sp.,,1,1,24.1,,,i,BSA.03-20,CB,,prism on parallelogram,156.05,,,,,,,,,
,,,,,,,,,,,,,,,,,,,,,,,,,,,,,,,,,,,,,,,
,,,,,,,,,,,,,,,,,,,,,,,,,,,,,,,,,,,,,,,
Phyto,3/14/2022,13:45,E0322B0568,EZ2,3,62,3,4.84%,0.0683,314.159,1.366,20,76.66,870,Pseudostaurosira sp.,Diatom,Pseudostaurosira,sp.,,5,5,18.5,,,i,BSA.03-20,CB,,box,165.79,,,,,,,,,
,,,,,,,,,,,,,,,,,,,,,,,,,,,,,,,,,,,,,,,
,,,,,,,,,,,,,,,,,,,,,,,,,,,,,,,,,,,,,,,
Phyto,3/14/2022,13:45,E0322B0568,EZ2,3,62,3,4.84%,0.0683,314.159,1.366,20,76.66,987,Thalassiosira sp.,Diatom,Thalassiosira,sp.,,2,2,31.5,,,i,BSA.03-20,CB,,cylinder,4903.7,,,,,,,,,
,,,,,,,,,,,,,,,,,,,,,,,,,,,,,,,,,,,,,,,
Phyto,3/14/2022,13:45,E0322B0568,EZ2,3,62,3,4.84%,0.0683,314.159,1.366,20,76.66,1364,Plagioselmis nannoplanctica,Soft Body,Plagioselmis,nannoplanctica,,6,6,9.3,,,i,BSA.03-20,CB,,cone + half sphere,284.1,,,,,,,,,
,,,,,,,,,,,,,,,,,,,,,,,,,,,,,,,,,,,,,,,
Phyto,3/14/2022,13:45,E0322B0568,EZ2,3,62,3,4.84%,0.0683,314.159,1.366,20,76.66,1419,Eucapsis microscopica,Soft Body,Eucapsis,microscopica,,374,748,0.8,0.8,0.8,c,BSA.03-20,CB,,sphere,0.18,0.18,0.18,0.18,0.18,0.18,0.18,0.18,0.18,0.18
Phyto,3/17/2022,12:15,E0322B0649,D41,3,64,7,10.94%,0.0683,314.159,2.1173,31,21.2,147,Cocconeis sp.,Diatom,Cocconeis,sp.,,2,2,20.1,,,i,BSA.03-21,AB,Moderate sediment.,elliptic prism,270.93,,,,,,,,,
,,,,,,,,,,,,,,,,,,,,,,,,,,,,,,,,,,,,,,,
,,,,,,,,,,,,,,,,,,,,,,,,,,,,,,,,,,,,,,,
Phyto,3/17/2022,12:15,E0322B0649,D41,3,64,7,10.94%,0.0683,314.159,2.1173,31,21.2,182,Cyclotella cf. meneghiniana,Diatom,Cyclotella,meneghiniana,,1,1,37,,,i,BSA.03-21,AB,Moderate sediment.,cylinder,21611.7,,,,,,,,,
,,,,,,,,,,,,,,,,,,,,,,,,,,,,,,,,,,,,,,,
Phyto,3/17/2022,12:15,E0322B0649,D41,3,64,7,10.94%,0.0683,314.159,2.1173,31,21.2,190,Cyclotella sp.,Diatom,Cyclotella,sp.,,12,12,12.7,,,i,BSA.03-21,AB,Moderate sediment.,cylinder,189.24,,,,,,,,,
,,,,,,,,,,,,,,,,,,,,,,,,,,,,,,,,,,,,,,,
Phyto,3/17/2022,12:15,E0322B0649,D41,3,64,7,10.94%,0.0683,314.159,2.1173,31,21.2,1892,Cylindrotheca closterium,Diatom,Cylindrotheca,closterium,,1,1,19.2,,,i,BSA.03-21,AB,Moderate sediment.,prolate spheroid + 2 cylinders,0,,,,,,,,,
,,,,,,,,,,,,,,,,,,,,,,,,,,,,,,,,,,,,,,,
,,,,,,,,,,,,,,,,,,,,,,,,,,,,,,,,,,,,,,,
Phyto,3/17/2022,12:15,E0322B0649,D41,3,64,7,10.94%,0.0683,314.159,2.1173,31,21.2,749,Nitzschia sp.,Diatom,Nitzschia,sp.,,1,1,64.8,,,i,BSA.03-21,AB,Moderate sediment.,prism on parallelogram,725.76,,,,,,,,,
,,,,,,,,,,,,,,,,,,,,,,,,,,,,,,,,,,,,,,,
,,,,,,,,,,,,,,,,,,,,,,,,,,,,,,,,,,,,,,,
Phyto,3/17/2022,12:15,E0322B0649,D41,3,64,7,10.94%,0.0683,314.159,2.1173,31,21.2,870,cf. Pseudostaurosira sp.,Diatom,Pseudostaurosira,sp.,,1,1,15.2,,,i,BSA.03-21,AB,Moderate sediment.,box,179.07,,,,,,,,,
,,,,,,,,,,,,,,,,,,,,,,,,,,,,,,,,,,,,,,,
,,,,,,,,,,,,,,,,,,,,,,,,,,,,,,,,,,,,,,,
Phyto,3/17/2022,12:15,E0322B0649,D41,3,64,7,10.94%,0.0683,314.159,2.1173,31,21.2,1352,Cryptomonas sp.,Soft Body,Cryptomonas,sp.,,1,1,13.5,,,i,BSA.03-21,AB,Moderate sediment.,prolate spheroid,387.08,,,,,,,,,
,,,,,,,,,,,,,,,,,,,,,,,,,,,,,,,,,,,,,,,
Phyto,3/17/2022,12:15,E0322B0649,D41,3,64,7,10.94%,0.0683,314.159,2.1173,31,21.2,1364,Plagioselmis nannoplanctica,Soft Body,Plagioselmis,nannoplanctica,,8,8,12.7,,,i,BSA.03-21,AB,Moderate sediment.,cone + half sphere,473.36,,,,,,,,,
,,,,,,,,,,,,,,,,,,,,,,,,,,,,,,,,,,,,,,,
Phyto,3/17/2022,12:15,E0322B0649,D41,3,64,7,10.94%,0.0683,314.159,2.1173,31,21.2,1368,Rhodomonas sp.,Soft Body,Rhodomonas,sp.,,1,1,14.8,,,i,BSA.03-21,AB,Moderate sediment.,cone + half sphere,1278.78,,,,,,,,,
,,,,,,,,,,,,,,,,,,,,,,,,,,,,,,,,,,,,,,,
Phyto,3/17/2022,12:15,E0322B0649,D41,3,64,7,10.94%,0.0683,314.159,2.1173,31,21.2,1419,Eucapsis microscopica,Soft Body,Eucapsis,microscopica,,375,750,0.8,0.8,0.8,c,BSA.03-21,AB,Moderate sediment.,sphere,0.18,0.18,0.18,0.18,0.18,0.18,0.18,0.18,0.18,0.18
Phyto,3/15/2022,13:25,E0322B0602,D8,3,59,3,5.08%,0.0683,314.159,2.1173,31,49.46,190,Cyclotella sp.,Diatom,Cyclotella,sp.,,10,10,13,,,i,BSA.03-22,AB,Moderate detritus.,cylinder,266,,,,,,,,,
,,,,,,,,,,,,,,,,,,,,,,,,,,,,,,,,,,,,,,,
Phyto,3/15/2022,13:25,E0322B0602,D8,3,59,3,5.08%,0.0683,314.159,2.1173,31,49.46,319,Entomoneis sp.,Diatom,Entomoneis,sp.,,12,12,64.8,,,i,BSA.03-22,AB,Moderate detritus.,elliptic prism,11478.62,,,,,,,,,
,,,,,,,,,,,,,,,,,,,,,,,,,,,,,,,,,,,,,,,
,,,,,,,,,,,,,,,,,,,,,,,,,,,,,,,,,,,,,,,
Phyto,3/15/2022,13:25,E0322B0602,D8,3,59,3,5.08%,0.0683,314.159,2.1173,31,49.46,749,Nitzschia sp.,Diatom,Nitzschia,sp.,,1,1,21.1,,,i,BSA.03-22,AB,Moderate detritus.,prism on parallelogram,117.11,,,,,,,,,
,,,,,,,,,,,,,,,,,,,,,,,,,,,,,,,,,,,,,,,
,,,,,,,,,,,,,,,,,,,,,,,,,,,,,,,,,,,,,,,
Phyto,3/15/2022,13:25,E0322B0602,D8,3,59,3,5.08%,0.0683,314.159,2.1173,31,49.46,1419,Eucapsis microscopica,Soft Body,Eucapsis,microscopica,,390,780,0.8,0.8,0.8,c,BSA.03-22,AB,Moderate detritus.,sphere,0.18,0.18,0.18,0.18,0.18,0.18,0.18,0.18,0.18,0.18
Phyto,3/17/2022,13:35,E0322B0652,NZ004,3,62,4,6.45%,0.0683,314.159,1.9124,28,41.07,190,Cyclotella sp.,Diatom,Cyclotella,sp.,,13,13,12.1,,,i,BSA.03-23,AB,Moderate sediment.,cylinder,273.01,,,,,,,,,
,,,,,,,,,,,,,,,,,,,,,,,,,,,,,,,,,,,,,,,
Phyto,3/17/2022,13:35,E0322B0652,NZ004,3,62,4,6.45%,0.0683,314.159,1.9124,28,41.07,749,Nitzschia sp.,Diatom,Nitzschia,sp.,,2,2,17.1,,,i,BSA.03-23,AB,Moderate sediment.,prism on parallelogram,56.16,,,,,,,,,
,,,,,,,,,,,,,,,,,,,,,,,,,,,,,,,,,,,,,,,
,,,,,,,,,,,,,,,,,,,,,,,,,,,,,,,,,,,,,,,
Phyto,3/17/2022,13:35,E0322B0652,NZ004,3,62,4,6.45%,0.0683,314.159,1.9124,28,41.07,1037,cf. Chlorella sp.,Soft Body,Chlorella,sp.,,4,4,3.1,,,i,BSA.03-23,AB,Moderate sediment.,sphere,8.18,,,,,,,,,
Phyto,3/17/2022,13:35,E0322B0652,NZ004,3,62,4,6.45%,0.0683,314.159,1.9124,28,41.07,1352,Cryptomonas sp.,Soft Body,Cryptomonas,sp.,,3,3,13.5,,,i,BSA.03-23,AB,Moderate sediment.,prolate spheroid,371.1,,,,,,,,,
,,,,,,,,,,,,,,,,,,,,,,,,,,,,,,,,,,,,,,,
Phyto,3/17/2022,13:35,E0322B0652,NZ004,3,62,4,6.45%,0.0683,314.159,1.9124,28,41.07,1364,Plagioselmis nannoplanctica,Soft Body,Plagioselmis,nannoplanctica,,7,7,9.3,,,i,BSA.03-23,AB,Moderate sediment.,cone + half sphere,128.32,,,,,,,,,
,,,,,,,,,,,,,,,,,,,,,,,,,,,,,,,,,,,,,,,
Phyto,3/17/2022,13:35,E0322B0652,NZ004,3,62,4,6.45%,0.0683,314.159,1.9124,28,41.07,1419,Eucapsis microscopica,Soft Body,Eucapsis,microscopica,,377,754,0.8,0.8,0.8,c,BSA.03-23,AB,Moderate sediment.,sphere,0.18,0.18,0.18,0.18,0.18,0.18,0.18,0.18,0.18,0.18
Phyto,3/17/2022,13:20,E0322B0651,NZ002,3,63,3,4.76%,0.0683,314.159,1.4343,21,73.01,190,cf. Cyclotella sp.,Diatom,Cyclotella,sp.,,5,5,9.3,,,i,BSA.03-24,CB,,cylinder,186.36,,,,,,,,,
,,,,,,,,,,,,,,,,,,,,,,,,,,,,,,,,,,,,,,,
Phyto,3/17/2022,13:20,E0322B0651,NZ002,3,63,3,4.76%,0.0683,314.159,1.4343,21,73.01,319,Entomoneis sp.,Diatom,Entomoneis,sp.,,1,1,37,,,i,BSA.03-24,CB,,elliptic prism,6046.74,,,,,,,,,
,,,,,,,,,,,,,,,,,,,,,,,,,,,,,,,,,,,,,,,
,,,,,,,,,,,,,,,,,,,,,,,,,,,,,,,,,,,,,,,
Phyto,3/17/2022,13:20,E0322B0651,NZ002,3,63,3,4.76%,0.0683,314.159,1.4343,21,73.01,749,Nitzschia sp.,Diatom,Nitzschia,sp.,,1,1,18.5,,,i,BSA.03-24,CB,,prism on parallelogram,126.63,,,,,,,,,
,,,,,,,,,,,,,,,,,,,,,,,,,,,,,,,,,,,,,,,
,,,,,,,,,,,,,,,,,,,,,,,,,,,,,,,,,,,,,,,
Phyto,3/17/2022,13:20,E0322B0651,NZ002,3,63,3,4.76%,0.0683,314.159,1.4343,21,73.01,987,Thalassiosira sp.,Diatom,Thalassiosira,sp.,,3,3,35.2,,,i,BSA.03-24,CB,,cylinder,7844.42,,,,,,,,,
,,,,,,,,,,,,,,,,,,,,,,,,,,,,,,,,,,,,,,,
Phyto,3/17/2022,13:20,E0322B0651,NZ002,3,63,3,4.76%,0.0683,314.159,1.4343,21,73.01,1364,Plagioselmis nannoplanctica,Soft Body,Plagioselmis,nannoplanctica,,1,1,7.4,,,i,BSA.03-24,CB,,cone + half sphere,159.13,,,,,,,,,
,,,,,,,,,,,,,,,,,,,,,,,,,,,,,,,,,,,,,,,
Phyto,3/17/2022,13:20,E0322B0651,NZ002,3,63,3,4.76%,0.0683,314.159,1.4343,21,73.01,1419,Eucapsis microscopica,Soft Body,Eucapsis,microscopica,,395,790,0.8,0.8,0.8,c,BSA.03-24,CB,,sphere,0.18,0.18,0.18,0.18,0.18,0.18,0.18,0.18,0.18,0.18
Phyto,3/17/2022,13:00,E0322B0650,NZ325,3,64,7,10.94%,0.0683,314.159,2.049,30,21.9,190,Cyclotella sp.,Diatom,Cyclotella,sp.,,14,14,9.5,,,i,BSA.03-25,AB,Moderate sediment and detritus.,cylinder,214.2,,,,,,,,,
,,,,,,,,,,,,,,,,,,,,,,,,,,,,,,,,,,,,,,,
Phyto,3/17/2022,13:00,E0322B0650,NZ325,3,64,7,10.94%,0.0683,314.159,2.049,30,21.9,1037,Chlorella sp.,Soft Body,Chlorella,sp.,,5,5,2.8,,,i,BSA.03-25,AB,Moderate sediment and detritus.,sphere,7.24,,,,,,,,,
Phyto,3/17/2022,13:00,E0322B0650,NZ325,3,64,7,10.94%,0.0683,314.159,2.049,30,21.9,1364,Plagioselmis nannoplanctica,Soft Body,Plagioselmis,nannoplanctica,,52,52,13,,,i,BSA.03-25,AB,Moderate sediment and detritus.,cone + half sphere,413.95,,,,,,,,,
,,,,,,,,,,,,,,,,,,,,,,,,,,,,,,,,,,,,,,,
Phyto,3/17/2022,13:00,E0322B0650,NZ325,3,64,7,10.94%,0.0683,314.159,2.049,30,21.9,1419,Eucapsis microscopica,Soft Body,Eucapsis,microscopica,,331,662,0.8,0.8,0.8,c,BSA.03-25,AB,Moderate sediment and detritus.,sphere,0.18,0.18,0.18,0.18,0.18,0.18,0.18,0.18,0.18,0.18
Phyto,3/14/2022,13:00,E322B0567,EZ6,3,58,3,5.17%,0.0683,314.159,1.366,20,76.66,190,cf. Cyclotella sp.,Diatom,Cyclotella,sp.,,1,1,9.3,,,i,BSA.03-26,CB,,cylinder,312.47,,,,,,,,,
,,,,,,,,,,,,,,,,,,,,,,,,,,,,,,,,,,,,,,,
Phyto,3/14/2022,13:00,E322B0567,EZ6,3,58,3,5.17%,0.0683,314.159,1.366,20,76.66,319,Entomoneis sp.,Diatom,Entomoneis,sp.,,23,23,55.6,,,i,BSA.03-26,CB,,elliptic prism,4956.57,,,,,,,,,
,,,,,,,,,,,,,,,,,,,,,,,,,,,,,,,,,,,,,,,
,,,,,,,,,,,,,,,,,,,,,,,,,,,,,,,,,,,,,,,
Phyto,3/14/2022,13:00,E322B0567,EZ6,3,58,3,5.17%,0.0683,314.159,1.366,20,76.66,631,Navicula sp.,Diatom,Navicula,sp.,,1,1,14.8,,,i,BSA.03-26,CB,,elliptic prism,182.26,,,,,,,,,
,,,,,,,,,,,,,,,,,,,,,,,,,,,,,,,,,,,,,,,
,,,,,,,,,,,,,,,,,,,,,,,,,,,,,,,,,,,,,,,
Phyto,3/14/2022,13:00,E322B0567,EZ6,3,58,3,5.17%,0.0683,314.159,1.366,20,76.66,749,Nitzschia sp.,Diatom,Nitzschia,sp.,,2,2,16.7,,,i,BSA.03-26,CB,,prism on parallelogram,111.22,,,,,,,,,
,,,,,,,,,,,,,,,,,,,,,,,,,,,,,,,,,,,,,,,
,,,,,,,,,,,,,,,,,,,,,,,,,,,,,,,,,,,,,,,
Phyto,3/14/2022,13:00,E322B0567,EZ6,3,58,3,5.17%,0.0683,314.159,1.366,20,76.66,987,Thalassiosira sp.,Diatom,Thalassiosira,sp.,,1,1,16.7,,,i,BSA.03-26,CB,,cylinder,1818.03,,,,,,,,,
,,,,,,,,,,,,,,,,,,,,,,,,,,,,,,,,,,,,,,,
Phyto,3/14/2022,13:00,E322B0567,EZ6,3,58,3,5.17%,0.0683,314.159,1.366,20,76.66,1352,Cryptomonas sp.,Soft Body,Cryptomonas,sp.,,1,1,13,,,i,BSA.03-26,CB,,prolate spheroid,372.74,,,,,,,,,
,,,,,,,,,,,,,,,,,,,,,,,,,,,,,,,,,,,,,,,
Phyto,3/14/2022,13:00,E322B0567,EZ6,3,58,3,5.17%,0.0683,314.159,1.366,20,76.66,1364,Plagioselmis nannoplanctica,Soft Body,Plagioselmis,nannoplanctica,,4,4,9.3,,,i,BSA.03-26,CB,,cone + half sphere,317,,,,,,,,,
,,,,,,,,,,,,,,,,,,,,,,,,,,,,,,,,,,,,,,,
Phyto,3/14/2022,13:00,E322B0567,EZ6,3,58,3,5.17%,0.0683,314.159,1.366,20,76.66,1419,Eucapsis microscopica,Soft Body,Eucapsis,microscopica,,381,772,0.8,0.8,0.8,c,BSA.03-26,CB,,sphere,0.18,0.18,0.18,0.18,0.18,0.18,0.18,0.18,0.18,0.18
