Date,Time,Site name,Species Code,Fork length,PIT code,PIT last 4 digits
9/14/2017,8:10,FI1 West,(?) SUNFISH,59,no tag,
9/14/2017,8:10,FI1 West,AMS,72,no tag,
9/14/2017,8:10,FI1 West,BGS,78,no tag,
9/14/2017,8:10,FI1 West,BGS,127,6586080,
9/14/2017,8:10,FI1 West,BGS,133,6586150,
9/14/2017,8:10,FI1 West,BGS,162,6586113,
9/14/2017,8:10,FI1 West,BGS,130,6762806,
9/14/2017,8:10,FI1 West,BGS,101,6762857,
9/14/2017,8:10,FI1 West,BGS,85,6762865,
9/14/2017,8:10,FI1 West,BGS,101,6586177,
9/14/2017,8:10,FI1 West,BGS,91,6586258,
9/14/2017,8:10,FI1 West,BGS,87,6586218,
9/14/2017,8:10,FI1 West,BGS,96,6586194,
9/14/2017,14:05,FI2 East,BGS,131,6586210,
9/14/2017,14:05,FI2 East,BGS,125,6586198,
9/14/2017,14:05,FI2 East,BGS,127,6586170,
9/14/2017,14:05,FI2 East,BGS,100,6586230,
9/14/2017,14:05,FI2 East,BGS,116,6586200,
9/14/2017,14:05,FI2 East,BGS,93,6586192,
9/14/2017,14:05,FI2 East,BGS,127,6586180,
9/14/2017,14:05,FI2 East,BGS,105,6586250,
9/14/2017,14:05,FI2 East,BGS,149,6586229,
9/14/2017,14:05,FI2 East,BGS,122,6586181,
9/14/2017,14:05,FI2 East,BGS,95,6586226,
9/14/2017,14:05,FI2 East,BGS,129,6762940,
9/14/2017,14:05,FI2 East,BGS,190,6762986,
9/14/2017,14:05,FI2 East,BGS,87,6762906,
9/14/2017,14:05,FI2 East,BGS,101,6762977,
9/14/2017,14:05,FI2 East,BGS,90,6762950,
9/14/2017,14:05,FI2 East,BGS,110,6762912,
9/14/2017,14:05,FI2 East,BGS,102,6762988,
9/14/2017,14:05,FI2 East,BGS,122,6762972,
9/14/2017,14:05,FI2 East,BGS,82,6762961,
9/14/2017,14:05,FI2 East,BGS,72,no tag,
9/14/2017,14:05,FI2 East,BGS,77,no tag,
9/14/2017,14:05,FI2 East,BGS,50,no tag,
9/14/2017,14:05,FI2 East,BGS,44,no tag,
9/14/2017,14:05,FI2 East,BGS,79,no tag,
9/14/2017,14:05,FI2 East,BGS,70,no tag,
9/14/2017,14:05,FI2 East,BGS,70,no tag,
9/14/2017,14:05,FI2 East,BGS,90,no tag,
9/14/2017,14:05,FI2 East,BGS,92,6762926,
9/14/2017,14:05,FI2 East,BGS,96,6762927,
9/14/2017,14:05,FI2 East,BGS,118,6762909,
9/14/2017,14:05,FI2 East,BGS,107,6762916,
9/14/2017,14:05,FI2 East,BGS,92,6762983,
9/14/2017,14:05,FI2 East,BGS,121,6762962,
9/14/2017,14:05,FI2 East,BGS,88,6763000,
9/14/2017,14:05,FI2 East,BGS,84,6762937,
9/13/2017,9:23,LH1 West,BGS,75,no tag,
9/13/2017,9:23,LH1 West,BGS,110,6585871,
9/13/2017,13:48,LH2 North,BGS,22,no tag,
9/13/2017,13:48,LH2 North,BGS,69,no tag,
9/13/2017,13:48,LH2 North,BGS,53,no tag,
9/13/2017,13:48,LH2 North,BGS,150,6762886,
9/13/2017,13:48,LH2 North,BGS,95,6585922,
9/13/2017,13:48,LH2 North,BGS,117,6585864,
9/13/2017,13:48,LH2 North,BGS,98,6585958,
9/13/2017,13:48,LH2 North,BGS,94,6585893,
9/13/2017,13:48,LH2 North,BGS,87,6585865,
9/13/2017,13:48,LH2 North,BGS,95,6585884,
9/13/2017,13:48,LH2 North,BGS,82,6585876,
9/15/2017,8:30,LH3 East,BGS,149,6763100,
9/15/2017,8:30,LH3 East,BGS,136,6763028,
9/15/2017,8:30,LH3 East,BGS,116,6763034,
9/15/2017,8:30,LH3 East,BGS,154,6763097,
9/14/2017,8:10,FI1 West,BKS,79,no tag,
9/14/2017,8:10,FI1 West,BKS,78,no tag,
9/14/2017,8:10,FI1 West,BKS,66,no tag,
9/14/2017,8:10,FI1 West,BKS,67,no tag,
9/14/2017,8:10,FI1 West,BKS,65,no tag,
9/14/2017,8:10,FI1 West,BKS,73,no tag,
9/14/2017,8:10,FI1 West,BKS,141,6586142,
9/14/2017,8:10,FI1 West,BKS,147,6586148,
9/14/2017,8:10,FI1 West,BKS,142,6762815,
9/14/2017,14:05,FI2 East,BKS,232,6586249,
9/14/2017,14:05,FI2 East,BKS,225,6586168,
9/14/2017,14:05,FI2 East,BKS,210,6586165,
9/14/2017,14:05,FI2 East,BKS,112,6586228,
9/14/2017,14:05,FI2 East,BKS,122,6586233,
9/14/2017,14:05,FI2 East,BKS,116,6586169,
9/14/2017,14:05,FI2 East,BKS,112,6586193,
9/14/2017,14:05,FI2 East,BKS,140,6586163,
9/14/2017,14:05,FI2 East,BKS,122,6586204,
9/14/2017,14:05,FI2 East,BKS,55,no tag,
9/14/2017,14:05,FI2 East,BKS,74,no tag,
9/13/2017,9:23,LH1 West,BKS,63,no tag,
9/13/2017,9:23,LH1 West,BKS,138,6585992,
9/13/2017,9:23,LH1 West,BKS,165,6585979,
9/13/2017,9:23,LH1 West,BKS,125,6586016,
9/13/2017,9:23,LH1 West,BKS,112,6585996,
9/13/2017,9:23,LH1 West,BKS,205,6586041,
9/13/2017,9:23,LH1 West,BKS,130,6585999,
9/13/2017,13:48,LH2 North,BKS,141,6585863,
9/15/2017,8:30,LH3 East,BKS,68,no tag,
9/15/2017,8:30,LH3 East,BKS,73,no tag,
9/14/2017,8:10,FI1 West,BRB,225,no tag,
9/14/2017,14:05,FI2 East,GSN,93,no tag,
9/14/2017,14:05,FI2 East,GSN,87,no tag,
9/14/2017,14:05,FI2 East,GSN,80,no tag,
9/14/2017,14:05,FI2 East,GSN,70,no tag,
9/14/2017,14:05,FI2 East,GSN,65,no tag,
9/14/2017,14:05,FI2 East,GSN,58,no tag,
9/14/2017,14:05,FI2 East,GSN,52,no tag,
9/14/2017,14:05,FI2 East,GSN,77,no tag,
9/14/2017,14:05,FI2 East,GSN,72,no tag,
9/14/2017,14:05,FI2 East,GSN,82,no tag,
9/14/2017,14:05,FI2 East,GSN,60,no tag,
9/14/2017,14:05,FI2 East,GSN,60,no tag,
9/13/2017,9:23,LH1 West,GSN,72,no tag,
9/13/2017,9:23,LH1 West,GSN,80,no tag,
9/13/2017,9:23,LH1 West,GSN,68,no tag,
9/13/2017,9:23,LH1 West,GSN,89,no tag,
9/13/2017,9:23,LH1 West,GSN,150,no tag,
9/13/2017,9:23,LH1 West,GSN,143,no tag,
9/13/2017,9:23,LH1 West,GSN,86,no tag,
9/13/2017,9:23,LH1 West,GSN,205,no tag,
9/13/2017,9:23,LH1 West,GSN,81,no tag,
9/13/2017,9:23,LH1 West,GSN,145,no tag,
9/13/2017,9:23,LH1 West,GSN,121,no tag,
9/13/2017,9:23,LH1 West,GSN,116,no tag,
9/13/2017,9:23,LH1 West,GSN,109,no tag,
9/13/2017,13:48,LH2 North,GSN,62,no tag,
9/13/2017,13:48,LH2 North,GSN,63,no tag,
9/13/2017,13:48,LH2 North,GSN,88,no tag,
9/13/2017,13:48,LH2 North,GSN,87,no tag,
9/13/2017,13:48,LH2 North,GSN,82,no tag,
9/13/2017,13:48,LH2 North,GSN,82,no tag,
9/13/2017,13:48,LH2 North,GSN,62,no tag,
9/13/2017,13:48,LH2 North,GSN,63,no tag,
9/13/2017,13:48,LH2 North,GSN,80,no tag,
9/13/2017,13:48,LH2 North,GSN,64,no tag,
9/13/2017,13:48,LH2 North,GSN,85,no tag,
9/13/2017,13:48,LH2 North,GSN,57,no tag,
9/13/2017,13:48,LH2 North,GSN,78,no tag,
9/13/2017,13:48,LH2 North,GSN,96,no tag,
9/13/2017,13:48,LH2 North,GSN,85,no tag,
9/13/2017,13:48,LH2 North,GSN,57,no tag,
9/13/2017,13:48,LH2 North,GSN,78,no tag,
9/13/2017,13:48,LH2 North,GSN,96,no tag,
9/15/2017,8:30,LH3 East,GSN,78,no tag,
9/14/2017,8:10,FI1 West,LMB,209,no tag,
9/14/2017,8:10,FI1 West,LMB,79,no tag,
9/14/2017,8:10,FI1 West,LMB,78,no tag,
9/14/2017,8:10,FI1 West,LMB,74,no tag,
9/14/2017,8:10,FI1 West,LMB,82,no tag,
9/14/2017,8:10,FI1 West,LMB,77,no tag,
9/14/2017,8:10,FI1 West,LMB,71,no tag,
9/14/2017,8:10,FI1 West,LMB,197,no tag,
9/14/2017,8:10,FI1 West,LMB,75,no tag,
9/14/2017,8:10,FI1 West,LMB,77,no tag,
9/14/2017,8:10,FI1 West,LMB,77,no tag,
9/14/2017,8:10,FI1 West,LMB,105,no tag,
9/14/2017,8:10,FI1 West,LMB,77,no tag,
9/14/2017,8:10,FI1 West,LMB,82,no tag,
9/14/2017,8:10,FI1 West,LMB,79,no tag,
9/14/2017,8:10,FI1 West,LMB,72,no tag,
9/14/2017,8:10,FI1 West,LMB,77,no tag,
9/14/2017,8:10,FI1 West,LMB,69,no tag,
9/14/2017,8:10,FI1 West,LMB,72,no tag,
9/14/2017,8:10,FI1 West,LMB,82,no tag,
9/14/2017,8:10,FI1 West,LMB,83,no tag,
9/14/2017,8:10,FI1 West,LMB,68,no tag,
9/14/2017,8:10,FI1 West,LMB,79,no tag,
9/14/2017,8:10,FI1 West,LMB,62,no tag,
9/14/2017,8:10,FI1 West,LMB,66,no tag,
9/14/2017,8:10,FI1 West,LMB,72,no tag,
9/14/2017,8:10,FI1 West,LMB,73,no tag,
9/14/2017,8:10,FI1 West,LMB,71,no tag,
9/14/2017,8:10,FI1 West,LMB,82,no tag,
9/14/2017,8:10,FI1 West,LMB,68,no tag,
9/14/2017,8:10,FI1 West,LMB,77,no tag,
9/14/2017,8:10,FI1 West,LMB,80,no tag,
9/14/2017,8:10,FI1 West,LMB,71,no tag,
9/14/2017,8:10,FI1 West,LMB,72,no tag,
9/14/2017,8:10,FI1 West,LMB,66,no tag,
9/14/2017,8:10,FI1 West,LMB,170,6586124,
9/14/2017,8:10,FI1 West,LMB,377,6586086,
9/14/2017,8:10,FI1 West,LMB,370,6586100,
9/14/2017,8:10,FI1 West,LMB,292,6586117,
9/14/2017,8:10,FI1 West,LMB,221,6586085,
9/14/2017,8:10,FI1 West,LMB,218,6586147,
9/14/2017,8:10,FI1 West,LMB,206,6586077,
9/14/2017,8:10,FI1 West,LMB,256,6586143,
9/14/2017,8:10,FI1 West,LMB,213,6586136,
9/14/2017,8:10,FI1 West,LMB,202,6586106,
9/14/2017,8:10,FI1 West,LMB,109,6586154,
9/14/2017,8:10,FI1 West,LMB,107,6586103,
9/14/2017,8:10,FI1 West,LMB,182,6586160,
9/14/2017,8:10,FI1 West,LMB,259,6586091,
9/14/2017,8:10,FI1 West,LMB,345,6586093,
9/14/2017,8:10,FI1 West,LMB,212,6586065,
9/14/2017,8:10,FI1 West,LMB,91,6586088,
9/14/2017,8:10,FI1 West,LMB,96,6586096,
9/14/2017,8:10,FI1 West,LMB,211,6586145,
9/14/2017,8:10,FI1 West,LMB,91,6586098,
9/14/2017,8:10,FI1 West,LMB,192,6586072,
9/14/2017,8:10,FI1 West,LMB,208,6586078,
9/14/2017,8:10,FI1 West,LMB,207,6586097,
9/14/2017,8:10,FI1 West,LMB,107,6586141,
9/14/2017,8:10,FI1 West,LMB,259,6586121,
9/14/2017,8:10,FI1 West,LMB,237,6586133,
9/14/2017,8:10,FI1 West,LMB,426,6586069,
9/14/2017,8:10,FI1 West,LMB,372,6586122,
9/14/2017,8:10,FI1 West,LMB,352,6586129,
9/14/2017,8:10,FI1 West,LMB,322,6586111,
9/14/2017,8:10,FI1 West,LMB,192,6586114,
9/14/2017,8:10,FI1 West,LMB,256,6586068,
9/14/2017,8:10,FI1 West,LMB,305,6586112,
9/14/2017,8:10,FI1 West,LMB,118,6586108,
9/14/2017,8:10,FI1 West,LMB,186,6586063,
9/14/2017,8:10,FI1 West,LMB,319,6586132,
9/14/2017,8:10,FI1 West,LMB,283,6586157,
9/14/2017,8:10,FI1 West,LMB,332,6586083,
9/14/2017,8:10,FI1 West,LMB,273,6586066,
9/14/2017,8:10,FI1 West,LMB,245,6586084,
9/14/2017,8:10,FI1 West,LMB,187,6586134,
9/14/2017,8:10,FI1 West,LMB,250,6586140,
9/14/2017,8:10,FI1 West,LMB,296,6586109,
9/14/2017,8:10,FI1 West,LMB,195,6586094,
9/14/2017,8:10,FI1 West,LMB,216,6586159,
9/14/2017,8:10,FI1 West,LMB,122,6586070,
9/14/2017,8:10,FI1 West,LMB,310,6586073,
9/14/2017,8:10,FI1 West,LMB,350,6586119,
9/14/2017,8:10,FI1 West,LMB,86,6586158,
9/14/2017,8:10,FI1 West,LMB,380,6586104,
9/14/2017,8:10,FI1 West,LMB,286,6586126,
9/14/2017,8:10,FI1 West,LMB,193,6586087,
9/14/2017,8:10,FI1 West,LMB,312,6586149,
9/14/2017,8:10,FI1 West,LMB,262,6586137,
9/14/2017,8:10,FI1 West,LMB,113,6586105,
9/14/2017,8:10,FI1 West,LMB,92,6586092,
9/14/2017,8:10,FI1 West,LMB,82,6586071,
9/14/2017,8:10,FI1 West,LMB,91,6586079,
9/14/2017,8:10,FI1 West,LMB,91,6762817,
9/14/2017,8:10,FI1 West,LMB,89,6762818,
9/14/2017,8:10,FI1 West,LMB,82,6762804,
9/14/2017,8:10,FI1 West,LMB,86,6762821,
9/14/2017,8:10,FI1 West,LMB,198,6762810,
9/14/2017,8:10,FI1 West,LMB,98,6762809,
9/14/2017,8:10,FI1 West,LMB,98,6762823,
9/14/2017,8:10,FI1 West,LMB,200,6762833,
9/14/2017,8:10,FI1 West,LMB,197,6762834,
9/14/2017,8:10,FI1 West,LMB,180,6762813,
9/14/2017,8:10,FI1 West,LMB,199,6762819,
9/14/2017,8:10,FI1 West,LMB,323,6762811,
9/14/2017,8:10,FI1 West,LMB,345,6762812,
9/14/2017,8:10,FI1 West,LMB,115,6762827,
9/14/2017,8:10,FI1 West,LMB,82,6762850,
9/14/2017,8:10,FI1 West,LMB,199,6762830,
9/14/2017,8:10,FI1 West,LMB,110,6762814,
9/14/2017,8:10,FI1 West,LMB,245,6762829,
9/14/2017,8:10,FI1 West,LMB,219,6762816,
9/14/2017,8:10,FI1 West,LMB,104,6762820,
9/14/2017,8:10,FI1 West,LMB,89,6762836,
9/14/2017,8:10,FI1 West,LMB,128,6762831,
9/14/2017,8:10,FI1 West,LMB,226,6762873,
9/14/2017,8:10,FI1 West,LMB,116,6762889,
9/14/2017,8:10,FI1 West,LMB,109,6762808,
9/14/2017,8:10,FI1 West,LMB,88,6762874,
9/14/2017,8:10,FI1 West,LMB,111,6762835,
9/14/2017,8:10,FI1 West,LMB,287,6762837,
9/14/2017,8:10,FI1 West,LMB,292,6762868,
9/14/2017,8:10,FI1 West,LMB,129,6762846,
9/14/2017,8:10,FI1 West,LMB,247,6762884,
9/14/2017,8:10,FI1 West,LMB,207,6762852,
9/14/2017,8:10,FI1 West,LMB,193,6762828,
9/14/2017,8:10,FI1 West,LMB,203,6762899,
9/14/2017,8:10,FI1 West,LMB,112,6762851,
9/14/2017,8:10,FI1 West,LMB,95,6762845,
9/14/2017,8:10,FI1 West,LMB,91,6762891,
9/14/2017,8:10,FI1 West,LMB,95,6762848,
9/14/2017,8:10,FI1 West,LMB,85,6762894,
9/14/2017,8:10,FI1 West,LMB,82,6762876,
9/14/2017,8:10,FI1 West,LMB,84,6762870,
9/14/2017,8:10,FI1 West,LMB,108,6762875,
9/14/2017,8:10,FI1 West,LMB,102,6762861,
9/14/2017,8:10,FI1 West,LMB,115,6762866,
9/14/2017,8:10,FI1 West,LMB,87,6762892,
9/14/2017,8:10,FI1 West,LMB,92,6762871,
9/14/2017,8:10,FI1 West,LMB,106,6762879,
9/14/2017,8:10,FI1 West,LMB,88,6762898,
9/14/2017,8:10,FI1 West,LMB,88,6762901,
9/14/2017,8:10,FI1 West,LMB,232,6586235,
9/14/2017,8:10,FI1 West,LMB,101,6586195,
9/14/2017,8:10,FI1 West,LMB,223,6586244,
9/14/2017,8:10,FI1 West,LMB,93,6586225,
9/14/2017,8:10,FI1 West,LMB,86,6586224,
9/14/2017,8:10,FI1 West,LMB,82,6586220,
9/14/2017,8:10,FI1 West,LMB,87,6586262,
9/14/2017,8:10,FI1 West,LMB,82,6586248,
9/14/2017,8:10,FI1 West,LMB,83,6586185,
9/14/2017,8:10,FI1 West,LMB,206,6586215,
9/14/2017,8:10,FI1 West,LMB,80,6586217,
9/14/2017,8:10,FI1 West,LMB,93,6586171,
9/14/2017,8:10,FI1 West,LMB,218,6586255,
9/14/2017,8:10,FI1 West,LMB,272,6586257,
9/14/2017,8:10,FI1 West,LMB,82,6586201,
9/14/2017,8:10,FI1 West,LMB,92,6586175,
9/14/2017,8:10,FI1 West,LMB,86,6586179,
9/14/2017,8:10,FI1 West,LMB,102,6586222,
9/14/2017,8:10,FI1 West,LMB,82,6586205,
9/14/2017,8:10,FI1 West,LMB,84,6586186,
9/14/2017,8:10,FI1 West,LMB,89,6586254,
9/14/2017,8:10,FI1 West,LMB,91,6586167,
9/14/2017,8:10,FI1 West,LMB,91,6586197,
9/14/2017,14:05,FI2 East,LMB,333,6586252,
9/14/2017,14:05,FI2 East,LMB,300,6586202,
9/14/2017,14:05,FI2 East,LMB,340,6586232,
9/14/2017,14:05,FI2 East,LMB,342,6586172,
9/14/2017,14:05,FI2 East,LMB,280,6586216,
9/14/2017,14:05,FI2 East,LMB,255,6586231,
9/14/2017,14:05,FI2 East,LMB,295,6586260,
9/14/2017,14:05,FI2 East,LMB,205,6586190,
9/14/2017,14:05,FI2 East,LMB,284,6586189,
9/14/2017,14:05,FI2 East,LMB,229,6586255,
9/14/2017,14:05,FI2 East,LMB,192,no tag,
9/14/2017,14:05,FI2 East,LMB,89,no tag,
9/14/2017,14:05,FI2 East,LMB,75,no tag,
9/14/2017,14:05,FI2 East,LMB,68,no tag,
9/14/2017,14:05,FI2 East,LMB,87,no tag,
9/14/2017,14:05,FI2 East,LMB,79,no tag,
9/14/2017,14:05,FI2 East,LMB,72,no tag,
9/14/2017,14:05,FI2 East,LMB,90,no tag,
9/14/2017,14:05,FI2 East,LMB,74,no tag,
9/14/2017,14:05,FI2 East,LMB,79,no tag,
9/14/2017,14:05,FI2 East,LMB,70,no tag,
9/14/2017,14:05,FI2 East,LMB,73,no tag,
9/14/2017,14:05,FI2 East,LMB,71,no tag,
9/14/2017,14:05,FI2 East,LMB,90,no tag,
9/14/2017,14:05,FI2 East,LMB,60,no tag,
9/14/2017,14:05,FI2 East,LMB,77,no tag,
9/14/2017,14:05,FI2 East,LMB,68,no tag,
9/14/2017,14:05,FI2 East,LMB,375,6586213,
9/14/2017,14:05,FI2 East,LMB,289,6586208,
9/14/2017,14:05,FI2 East,LMB,265,6586174,
9/14/2017,14:05,FI2 East,LMB,212,6586184,
9/14/2017,14:05,FI2 East,LMB,231,6586207,
9/14/2017,14:05,FI2 East,LMB,243,6586182,
9/14/2017,14:05,FI2 East,LMB,250,6586243,
9/14/2017,14:05,FI2 East,LMB,216,6586183,
9/14/2017,14:05,FI2 East,LMB,300,6586251,
9/14/2017,14:05,FI2 East,LMB,203,6586188,
9/14/2017,14:05,FI2 East,LMB,251,6586234,
9/14/2017,14:05,FI2 East,LMB,339,6586242,
9/14/2017,14:05,FI2 East,LMB,328,6586221,
9/14/2017,14:05,FI2 East,LMB,193,6586164,
9/14/2017,14:05,FI2 East,LMB,327,6586187,
9/14/2017,14:05,FI2 East,LMB,381,6586259,
9/14/2017,14:05,FI2 East,LMB,204,6586173,
9/14/2017,14:05,FI2 East,LMB,101,6586237,
9/14/2017,14:05,FI2 East,LMB,103,6586219,
9/14/2017,14:05,FI2 East,LMB,223,6586227,
9/14/2017,14:05,FI2 East,LMB,192,6586241,
9/14/2017,14:05,FI2 East,LMB,213,6762958,
9/14/2017,14:05,FI2 East,LMB,281,6762957,
9/14/2017,14:05,FI2 East,LMB,100,6762919,
9/14/2017,14:05,FI2 East,LMB,191,6762955,
9/14/2017,14:05,FI2 East,LMB,99,6762969,
9/14/2017,14:05,FI2 East,LMB,97,6762992,
9/14/2017,14:05,FI2 East,LMB,91,6762975,
9/14/2017,14:05,FI2 East,LMB,182,6762970,
9/14/2017,14:05,FI2 East,LMB,187,6762968,
9/14/2017,14:05,FI2 East,LMB,77,no tag,
9/14/2017,14:05,FI2 East,LMB,75,no tag,
9/14/2017,14:05,FI2 East,LMB,82,no tag,
9/14/2017,14:05,FI2 East,LMB,77,no tag,
9/14/2017,14:05,FI2 East,LMB,85,no tag,
9/14/2017,14:05,FI2 East,LMB,82,no tag,
9/14/2017,14:05,FI2 East,LMB,85,no tag,
9/14/2017,14:05,FI2 East,LMB,77,no tag,
9/14/2017,14:05,FI2 East,LMB,68,no tag,
9/14/2017,14:05,FI2 East,LMB,82,no tag,
9/14/2017,14:05,FI2 East,LMB,75,no tag,
9/14/2017,14:05,FI2 East,LMB,93,no tag,
9/14/2017,14:05,FI2 East,LMB,73,no tag,
9/14/2017,14:05,FI2 East,LMB,92,no tag,
9/14/2017,14:05,FI2 East,LMB,52,no tag,
9/14/2017,14:05,FI2 East,LMB,80,no tag,
9/14/2017,14:05,FI2 East,LMB,71,no tag,
9/14/2017,14:05,FI2 East,LMB,62,no tag,
9/14/2017,14:05,FI2 East,LMB,82,no tag,
9/14/2017,14:05,FI2 East,LMB,77,no tag,
9/14/2017,14:05,FI2 East,LMB,90,no tag,
9/14/2017,14:05,FI2 East,LMB,88,no tag,
9/14/2017,14:05,FI2 East,LMB,83,no tag,
9/14/2017,14:05,FI2 East,LMB,79,no tag,
9/14/2017,14:05,FI2 East,LMB,77,no tag,
9/14/2017,14:05,FI2 East,LMB,79,no tag,
9/14/2017,14:05,FI2 East,LMB,62,no tag,
9/14/2017,14:05,FI2 East,LMB,65,no tag,
9/14/2017,14:05,FI2 East,LMB,63,no tag,
9/14/2017,14:05,FI2 East,LMB,95,no tag,
9/14/2017,14:05,FI2 East,LMB,92,no tag,
9/14/2017,14:05,FI2 East,LMB,82,no tag,
9/14/2017,14:05,FI2 East,LMB,87,no tag,
9/14/2017,14:05,FI2 East,LMB,83,no tag,
9/14/2017,14:05,FI2 East,LMB,90,no tag,
9/14/2017,14:05,FI2 East,LMB,65,no tag,
9/14/2017,14:05,FI2 East,LMB,66,no tag,
9/14/2017,14:05,FI2 East,LMB,55,no tag,
9/14/2017,14:05,FI2 East,LMB,68,no tag,
9/14/2017,14:05,FI2 East,LMB,79,no tag,
9/14/2017,14:05,FI2 East,LMB,67,no tag,
9/14/2017,14:05,FI2 East,LMB,101,no tag,
9/14/2017,14:05,FI2 East,LMB,74,no tag,
9/14/2017,14:05,FI2 East,LMB,68,no tag,
9/14/2017,14:05,FI2 East,LMB,77,no tag,
9/14/2017,14:05,FI2 East,LMB,94,no tag,
9/14/2017,14:05,FI2 East,LMB,68,no tag,
9/14/2017,14:05,FI2 East,LMB,75,no tag,
9/14/2017,14:05,FI2 East,LMB,72,no tag,
9/14/2017,14:05,FI2 East,LMB,73,no tag,
9/14/2017,14:05,FI2 East,LMB,91,no tag,
9/14/2017,14:05,FI2 East,LMB,82,no tag,
9/14/2017,14:05,FI2 East,LMB,72,no tag,
9/14/2017,14:05,FI2 East,LMB,89,no tag,
9/14/2017,14:05,FI2 East,LMB,188,no tag,
9/14/2017,14:05,FI2 East,LMB,72,no tag,
9/14/2017,14:05,FI2 East,LMB,80,no tag,
9/14/2017,14:05,FI2 East,LMB,92,no tag,
9/14/2017,14:05,FI2 East,LMB,88,6762982,
9/14/2017,14:05,FI2 East,LMB,81,6762974,
9/14/2017,14:05,FI2 East,LMB,200,6762971,
9/14/2017,14:05,FI2 East,LMB,89,6762931,
9/14/2017,14:05,FI2 East,LMB,117,6762948,
9/14/2017,14:05,FI2 East,LMB,86,6762911,
9/14/2017,14:05,FI2 East,LMB,98,6762964,
9/14/2017,14:05,FI2 East,LMB,273,6586206,
9/14/2017,14:05,FI2 East,LMB,178,6586236,
9/14/2017,14:05,FI2 East,LMB,89,6762979,
9/14/2017,14:05,FI2 East,LMB,270,6762953,
9/14/2017,14:05,FI2 East,LMB,267,6762933,
9/14/2017,14:05,FI2 East,LMB,283,6762920,
9/14/2017,14:05,FI2 East,LMB,270,6762924,
9/14/2017,14:05,FI2 East,LMB,212,6762941,
9/14/2017,14:05,FI2 East,LMB,225,6762980,
9/14/2017,14:05,FI2 East,LMB,187,6762976,
9/14/2017,14:05,FI2 East,LMB,135,6762918,
9/14/2017,14:05,FI2 East,LMB,130,6762915,
9/14/2017,14:05,FI2 East,LMB,213,6762966,
9/14/2017,14:05,FI2 East,LMB,256,6762951,
9/14/2017,14:05,FI2 East,LMB,83,6762908,
9/14/2017,14:05,FI2 East,LMB,97,6762904,
9/14/2017,14:05,FI2 East,LMB,103,6762952,
9/14/2017,14:05,FI2 East,LMB,103,6762939,
9/14/2017,14:05,FI2 East,LMB,112,6762942,
9/14/2017,14:05,FI2 East,LMB,93,6762922,
9/14/2017,14:05,FI2 East,LMB,83,6762967,
9/14/2017,14:05,FI2 East,LMB,84,6762934,
9/14/2017,14:05,FI2 East,LMB,127,6762981,
9/14/2017,14:05,FI2 East,LMB,97,6762945,
9/14/2017,14:05,FI2 East,LMB,188,6762923,
9/14/2017,14:05,FI2 East,LMB,82,6762928,
9/14/2017,14:05,FI2 East,LMB,87,6762936,
9/14/2017,14:05,FI2 East,LMB,103,6762914,
9/14/2017,14:05,FI2 East,LMB,99,6762973,
9/14/2017,14:05,FI2 East,LMB,95,6762949,
9/13/2017,9:23,LH1 West,LMB,65,no tag,
9/13/2017,9:23,LH1 West,LMB,71,no tag,
9/13/2017,9:23,LH1 West,LMB,80,no tag,
9/13/2017,9:23,LH1 West,LMB,71,no tag,
9/13/2017,9:23,LH1 West,LMB,56,no tag,
9/13/2017,9:23,LH1 West,LMB,73,no tag,
9/13/2017,9:23,LH1 West,LMB,67,no tag,
9/13/2017,9:23,LH1 West,LMB,73,no tag,
9/13/2017,9:23,LH1 West,LMB,78,no tag,
9/13/2017,9:23,LH1 West,LMB,70,no tag,
9/13/2017,9:23,LH1 West,LMB,68,no tag,
9/13/2017,9:23,LH1 West,LMB,75,no tag,
9/13/2017,9:23,LH1 West,LMB,80,no tag,
9/13/2017,9:23,LH1 West,LMB,83,no tag,
9/13/2017,9:23,LH1 West,LMB,67,no tag,
9/13/2017,9:23,LH1 West,LMB,270,no tag,
9/13/2017,9:23,LH1 West,LMB,70,no tag,
9/13/2017,9:23,LH1 West,LMB,79,no tag,
9/13/2017,9:23,LH1 West,LMB,70,no tag,
9/13/2017,9:23,LH1 West,LMB,78,no tag,
9/13/2017,9:23,LH1 West,LMB,77,no tag,
9/13/2017,9:23,LH1 West,LMB,80,no tag,
9/13/2017,9:23,LH1 West,LMB,75,no tag,
9/13/2017,9:23,LH1 West,LMB,65,no tag,
9/13/2017,9:23,LH1 West,LMB,83,no tag,
9/13/2017,9:23,LH1 West,LMB,80,no tag,
9/13/2017,9:23,LH1 West,LMB,77,no tag,
9/13/2017,9:23,LH1 West,LMB,80,no tag,
9/13/2017,9:23,LH1 West,LMB,76,no tag,
9/13/2017,9:23,LH1 West,LMB,82,no tag,
9/13/2017,9:23,LH1 West,LMB,79,no tag,
9/13/2017,9:23,LH1 West,LMB,83,no tag,
9/13/2017,9:23,LH1 West,LMB,92,no tag,
9/13/2017,9:23,LH1 West,LMB,86,no tag,
9/13/2017,9:23,LH1 West,LMB,73,no tag,
9/13/2017,9:23,LH1 West,LMB,72,no tag,
9/13/2017,9:23,LH1 West,LMB,224,no tag,
9/13/2017,9:23,LH1 West,LMB,80,no tag,
9/13/2017,9:23,LH1 West,LMB,74,no tag,
9/13/2017,9:23,LH1 West,LMB,72,no tag,
9/13/2017,9:23,LH1 West,LMB,71,no tag,
9/13/2017,9:23,LH1 West,LMB,77,no tag,
9/13/2017,9:23,LH1 West,LMB,75,no tag,
9/13/2017,9:23,LH1 West,LMB,70,no tag,
9/13/2017,9:23,LH1 West,LMB,60,no tag,
9/13/2017,9:23,LH1 West,LMB,75,no tag,
9/13/2017,9:23,LH1 West,LMB,79,no tag,
9/13/2017,9:23,LH1 West,LMB,72,no tag,
9/13/2017,9:23,LH1 West,LMB,67,no tag,
9/13/2017,9:23,LH1 West,LMB,73,no tag,
9/13/2017,9:23,LH1 West,LMB,98,6586005,
9/13/2017,9:23,LH1 West,LMB,299,6586024,
9/13/2017,9:23,LH1 West,LMB,300,6586015,
9/13/2017,9:23,LH1 West,LMB,289,6586010,
9/13/2017,9:23,LH1 West,LMB,267,6585986,
9/13/2017,9:23,LH1 West,LMB,209,6585974,
9/13/2017,9:23,LH1 West,LMB,181,6585982,
9/13/2017,9:23,LH1 West,LMB,299,6586035,
9/13/2017,9:23,LH1 West,LMB,194,6586006,
9/13/2017,9:23,LH1 West,LMB,101,6586009,
9/13/2017,9:23,LH1 West,LMB,186,6585989,
9/13/2017,9:23,LH1 West,LMB,283,6585985,
9/13/2017,9:23,LH1 West,LMB,232,6585969,
9/13/2017,9:23,LH1 West,LMB,217,6585963,
9/13/2017,9:23,LH1 West,LMB,270,6585993,
9/13/2017,9:23,LH1 West,LMB,218,6585975,
9/13/2017,9:23,LH1 West,LMB,304,6586011,
9/13/2017,9:23,LH1 West,LMB,240,6585988,
9/13/2017,9:23,LH1 West,LMB,108,6585987,
9/13/2017,9:23,LH1 West,LMB,321,6586018,
9/13/2017,9:23,LH1 West,LMB,98,6586058,
9/13/2017,9:23,LH1 West,LMB,84,6585983,
9/13/2017,9:23,LH1 West,LMB,99,6586023,
9/13/2017,9:23,LH1 West,LMB,95,6586014,
9/13/2017,9:23,LH1 West,LMB,88,6586038,
9/13/2017,9:23,LH1 West,LMB,89,6586020,
9/13/2017,9:23,LH1 West,LMB,87,6585994,
9/13/2017,9:23,LH1 West,LMB,90,6585984,
9/13/2017,9:23,LH1 West,LMB,80,6586025,
9/13/2017,9:23,LH1 West,LMB,89,6585980,
9/13/2017,9:23,LH1 West,LMB,94,6585972,
9/13/2017,9:23,LH1 West,LMB,79,6585998,
9/13/2017,9:23,LH1 West,LMB,84,6585966,
9/13/2017,9:23,LH1 West,LMB,284,6585997,
9/13/2017,9:23,LH1 West,LMB,82,6586043,
9/13/2017,9:23,LH1 West,LMB,81,6586051,
9/13/2017,9:23,LH1 West,LMB,275,6585971,
9/13/2017,9:23,LH1 West,LMB,229,6586017,
9/13/2017,9:23,LH1 West,LMB,395,6586002,
9/13/2017,9:23,LH1 West,LMB,85,6586012,
9/13/2017,9:23,LH1 West,LMB,83,6585970,
9/13/2017,9:23,LH1 West,LMB,290,6586003,
9/13/2017,9:23,LH1 West,LMB,255,6586029,
9/13/2017,9:23,LH1 West,LMB,252,6586046,
9/13/2017,9:23,LH1 West,LMB,223,6586057,
9/13/2017,9:23,LH1 West,LMB,118,6586060,
9/13/2017,9:23,LH1 West,LMB,120,6586008,
9/13/2017,9:23,LH1 West,LMB,280,6586001,
9/13/2017,9:23,LH1 West,LMB,202,6586054,
9/13/2017,9:23,LH1 West,LMB,265,6585981,
9/13/2017,9:23,LH1 West,LMB,265,6585995,
9/13/2017,9:23,LH1 West,LMB,114,6586036,
9/13/2017,9:23,LH1 West,LMB,212,6585978,
9/13/2017,9:23,LH1 West,LMB,210,6585976,
9/13/2017,9:23,LH1 West,LMB,105,6586026,
9/13/2017,9:23,LH1 West,LMB,290,6586021,
9/13/2017,9:23,LH1 West,LMB,300,6585968,
9/13/2017,9:23,LH1 West,LMB,90,6586004,
9/13/2017,9:23,LH1 West,LMB,321,6586028,
9/13/2017,9:23,LH1 West,LMB,82,6586037,
9/13/2017,9:23,LH1 West,LMB,90,6586047,
9/13/2017,9:23,LH1 West,LMB,172,6586040,
9/13/2017,9:23,LH1 West,LMB,343,6586050,
9/13/2017,9:23,LH1 West,LMB,302,6585991,
9/13/2017,9:23,LH1 West,LMB,110,6586000,
9/13/2017,9:23,LH1 West,LMB,294,6586045,
9/13/2017,9:23,LH1 West,LMB,102,6586013,
9/13/2017,9:23,LH1 West,LMB,240,6586042,
9/13/2017,9:23,LH1 West,LMB,109,6586059,
9/13/2017,9:23,LH1 West,LMB,80,6585977,
9/13/2017,9:23,LH1 West,LMB,110,6585964,
9/13/2017,9:23,LH1 West,LMB,88,6586056,
9/13/2017,9:23,LH1 West,LMB,84,6586062,
9/13/2017,9:23,LH1 West,LMB,83,6586052,
9/13/2017,9:23,LH1 West,LMB,163,6586030,
9/13/2017,9:23,LH1 West,LMB,100,6585990,
9/13/2017,9:23,LH1 West,LMB,297,6586007,
9/13/2017,9:23,LH1 West,LMB,364,6586027,
9/13/2017,9:23,LH1 West,LMB,110,6585939,
9/13/2017,9:23,LH1 West,LMB,95,6585928,
9/13/2017,9:23,LH1 West,LMB,81,6585908,
9/13/2017,9:23,LH1 West,LMB,243,6585866,
9/13/2017,9:23,LH1 West,LMB,224,6585917,
9/13/2017,9:23,LH1 West,LMB,239,6585937,
9/13/2017,9:23,LH1 West,LMB,294,6585873,
9/13/2017,9:23,LH1 West,LMB,130,6585883,
9/13/2017,9:23,LH1 West,LMB,279,6585900,
9/13/2017,9:23,LH1 West,LMB,135,6585899,
9/13/2017,9:23,LH1 West,LMB,90,6585874,
9/13/2017,9:23,LH1 West,LMB,85,6585905,
9/13/2017,9:23,LH1 West,LMB,104,6585926,
9/13/2017,9:23,LH1 West,LMB,87,6585885,
9/13/2017,9:23,LH1 West,LMB,85,6585929,
9/13/2017,9:23,LH1 West,LMB,80,6585869,
9/13/2017,9:23,LH1 West,LMB,83,6585921,
9/13/2017,13:48,LH2 North,LMB,77,no tag,
9/13/2017,13:48,LH2 North,LMB,79,no tag,
9/13/2017,13:48,LH2 North,LMB,79,no tag,
9/13/2017,13:48,LH2 North,LMB,101,no tag,
9/13/2017,13:48,LH2 North,LMB,72,no tag,
9/13/2017,13:48,LH2 North,LMB,61,no tag,
9/13/2017,13:48,LH2 North,LMB,79,no tag,
9/13/2017,13:48,LH2 North,LMB,78,no tag,
9/13/2017,13:48,LH2 North,LMB,78,no tag,
9/13/2017,13:48,LH2 North,LMB,68,no tag,
9/13/2017,13:48,LH2 North,LMB,68,no tag,
9/13/2017,13:48,LH2 North,LMB,79,no tag,
9/13/2017,13:48,LH2 North,LMB,89,no tag,
9/13/2017,13:48,LH2 North,LMB,255,no tag,
9/13/2017,13:48,LH2 North,LMB,76,no tag,
9/13/2017,13:48,LH2 North,LMB,71,no tag,
9/13/2017,13:48,LH2 North,LMB,75,no tag,
9/13/2017,13:48,LH2 North,LMB,72,no tag,
9/13/2017,13:48,LH2 North,LMB,287,no tag,
9/13/2017,13:48,LH2 North,LMB,78,no tag,
9/13/2017,13:48,LH2 North,LMB,78,no tag,
9/13/2017,13:48,LH2 North,LMB,76,no tag,
9/13/2017,13:48,LH2 North,LMB,256,no tag,
9/13/2017,13:48,LH2 North,LMB,73,no tag,
9/13/2017,13:48,LH2 North,LMB,93,6762867,
9/13/2017,13:48,LH2 North,LMB,278,6762887,
9/13/2017,13:48,LH2 North,LMB,82,6762841,
9/13/2017,13:48,LH2 North,LMB,386,6762863,
9/13/2017,13:48,LH2 North,LMB,82,6762847,
9/13/2017,13:48,LH2 North,LMB,174,6762893,
9/13/2017,13:48,LH2 North,LMB,232,6762896,
9/13/2017,13:48,LH2 North,LMB,97,6762842,
9/13/2017,13:48,LH2 North,LMB,82,6762832,
9/13/2017,13:48,LH2 North,LMB,87,6762838,
9/13/2017,13:48,LH2 North,LMB,82,6762843,
9/13/2017,13:48,LH2 North,LMB,91,6585894,
9/13/2017,13:48,LH2 North,LMB,113,6585881,
9/13/2017,13:48,LH2 North,LMB,285,6585953,
9/13/2017,13:48,LH2 North,LMB,205,6585897,
9/13/2017,13:48,LH2 North,LMB,248,6585889,
9/13/2017,13:48,LH2 North,LMB,118,6585933,
9/13/2017,13:48,LH2 North,LMB,102,6585940,
9/13/2017,13:48,LH2 North,LMB,84,6585878,
9/13/2017,13:48,LH2 North,LMB,85,6585888,
9/13/2017,13:48,LH2 North,LMB,80,6585904,
9/13/2017,13:48,LH2 North,LMB,84,6585891,
9/13/2017,13:48,LH2 North,LMB,88,6585945,
9/13/2017,13:48,LH2 North,LMB,80,6585947,
9/13/2017,13:48,LH2 North,LMB,86,6585944,
9/13/2017,13:48,LH2 North,LMB,97,6585912,
9/13/2017,13:48,LH2 North,LMB,500,6585948,
9/13/2017,13:48,LH2 North,LMB,97,6585948,
9/13/2017,13:48,LH2 North,LMB,196,6585918,
9/13/2017,13:48,LH2 North,LMB,86,6585935,
9/13/2017,13:48,LH2 North,LMB,100,6585867,
9/13/2017,13:48,LH2 North,LMB,235,6585886,
9/13/2017,13:48,LH2 North,LMB,252,6585919,
9/13/2017,13:48,LH2 North,LMB,86,6585951,
9/13/2017,13:48,LH2 North,LMB,108,6585955,
9/13/2017,13:48,LH2 North,LMB,102,6585959,
9/13/2017,13:48,LH2 North,LMB,85,6585930,
9/13/2017,13:48,LH2 North,LMB,81,6585927,
9/13/2017,13:48,LH2 North,LMB,275,6585923,
9/13/2017,13:48,LH2 North,LMB,80,6762902,
9/13/2017,13:48,LH2 North,LMB,217,6762897,
9/13/2017,13:48,LH2 North,LMB,301,6762900,
9/13/2017,13:48,LH2 North,LMB,189,6762903,
9/13/2017,13:48,LH2 North,LMB,87,6762888,
9/13/2017,13:48,LH2 North,LMB,91,6762869,
9/13/2017,13:48,LH2 North,LMB,82,6762864,
9/13/2017,13:48,LH2 North,LMB,87,6762877,
9/13/2017,13:48,LH2 North,LMB,77,6762882,
9/13/2017,13:48,LH2 North,LMB,97,6762859,
9/13/2017,13:48,LH2 North,LMB,98,6585911,
9/13/2017,13:48,LH2 North,LMB,253,6585949,
9/13/2017,13:48,LH2 North,LMB,281,6585879,
9/13/2017,13:48,LH2 North,LMB,248,6585943,
9/13/2017,13:48,LH2 North,LMB,205,6585942,
9/13/2017,13:48,LH2 North,LMB,95,6585961,
9/13/2017,13:48,LH2 North,LMB,91,6585903,
9/13/2017,13:48,LH2 North,LMB,97,6585946,
9/13/2017,13:48,LH2 North,LMB,261,6585913,
9/13/2017,13:48,LH2 North,LMB,241,6585920,
9/13/2017,13:48,LH2 North,LMB,99,6585934,
9/13/2017,13:48,LH2 North,LMB,86,6585896,
9/13/2017,13:48,LH2 North,LMB,89,6585936,
9/13/2017,13:48,LH2 North,LMB,86,6585895,
9/13/2017,13:48,LH2 North,LMB,225,6585954,
9/13/2017,13:48,LH2 North,LMB,279,6585877,
9/13/2017,13:48,LH2 North,LMB,192,6585916,
9/13/2017,13:48,LH2 North,LMB,88,6585915,
9/13/2017,13:48,LH2 North,LMB,244,6585957,
9/13/2017,13:48,LH2 North,LMB,86,6585902,
9/13/2017,13:48,LH2 North,LMB,82,6585898,
9/13/2017,13:48,LH2 North,LMB,226,6585872,
9/13/2017,13:48,LH2 North,LMB,87,6585875,
9/13/2017,13:48,LH2 North,LMB,93,6585956,
9/13/2017,13:48,LH2 North,LMB,82,6585890,
9/13/2017,13:48,LH2 North,LMB,209,6585901,
9/13/2017,13:48,LH2 North,LMB,85,6585925,
9/13/2017,13:48,LH2 North,LMB,96,6585906,
9/13/2017,13:48,LH2 North,LMB,220,6585960,
9/13/2017,13:48,LH2 North,LMB,199,6585907,
9/15/2017,8:30,LH3 East,LMB,275,no tag,
9/15/2017,8:30,LH3 East,LMB,71,no tag,
9/15/2017,8:30,LH3 East,LMB,79,no tag,
9/15/2017,8:30,LH3 East,LMB,78,no tag,
9/15/2017,8:30,LH3 East,LMB,77,no tag,
9/15/2017,8:30,LH3 East,LMB,68,no tag,
9/15/2017,8:30,LH3 East,LMB,73,no tag,
9/15/2017,8:30,LH3 East,LMB,78,no tag,
9/15/2017,8:30,LH3 East,LMB,75,no tag,
9/15/2017,8:30,LH3 East,LMB,79,no tag,
9/15/2017,8:30,LH3 East,LMB,276,6763079,
9/15/2017,8:30,LH3 East,LMB,101,6763071,
9/15/2017,8:30,LH3 East,LMB,98,6763084,
9/15/2017,8:30,LH3 East,LMB,274,6763038,
9/15/2017,8:30,LH3 East,LMB,234,6763019,
9/15/2017,8:30,LH3 East,LMB,325,6763023,
9/15/2017,8:30,LH3 East,LMB,348,6763029,
9/15/2017,8:30,LH3 East,LMB,385,6763035,
9/15/2017,8:30,LH3 East,LMB,381,6763025,
9/15/2017,8:30,LH3 East,LMB,205,6763065,
9/15/2017,8:30,LH3 East,LMB,286,6763007,
9/15/2017,8:30,LH3 East,LMB,251,6763062,
9/15/2017,8:30,LH3 East,LMB,304,6763067,
9/15/2017,8:30,LH3 East,LMB,114,6763050,
9/15/2017,8:30,LH3 East,LMB,343,6763090,
9/15/2017,8:30,LH3 East,LMB,293,6763091,
9/15/2017,8:30,LH3 East,LMB,86,6763043,
9/15/2017,8:30,LH3 East,LMB,98,6763020,
9/15/2017,8:30,LH3 East,LMB,83,6763059,
9/15/2017,8:30,LH3 East,LMB,89,6763008,
9/15/2017,8:30,LH3 East,LMB,83,6763052,
9/15/2017,8:30,LH3 East,LMB,86,6763068,
9/15/2017,8:30,LH3 East,LMB,88,6763040,
9/15/2017,8:30,LH3 East,LMB,209,6763086,
9/15/2017,8:30,LH3 East,LMB,86,6763074,
9/15/2017,8:30,LH3 East,LMB,288,6763085,
9/15/2017,8:30,LH3 East,LMB,295,6763103,
9/15/2017,8:30,LH3 East,LMB,89,6763046,
9/15/2017,8:30,LH3 East,LMB,174,6763042,
9/15/2017,8:30,LH3 East,LMB,272,6763072,
9/15/2017,8:30,LH3 East,LMB,198,6763051,
9/15/2017,8:30,LH3 East,LMB,195,6763053,
9/15/2017,8:30,LH3 East,LMB,106,6763077,
9/15/2017,8:30,LH3 East,LMB,231,6763006,
9/15/2017,8:30,LH3 East,LMB,247,6763010,
9/15/2017,8:30,LH3 East,LMB,188,6763037,
9/15/2017,8:30,LH3 East,LMB,119,6763015,
9/15/2017,8:30,LH3 East,LMB,95,6763076,
9/15/2017,8:30,LH3 East,LMB,94,6763049,
9/15/2017,8:30,LH3 East,LMB,109,6763055,
9/15/2017,8:30,LH3 East,LMB,95,6763070,
9/15/2017,8:30,LH3 East,LMB,82,6763092,
9/15/2017,8:30,LH3 East,LMB,95,6763070,
9/15/2017,8:30,LH3 East,LMB,84,6763098,
9/15/2017,8:30,LH3 East,LMB,92,6763009,
9/15/2017,8:30,LH3 East,LMB,86,6763063,
9/15/2017,8:30,LH3 East,LMB,89,6763036,
9/15/2017,8:30,LH3 East,LMB,87,6763082,
9/15/2017,8:30,LH3 East,LMB,84,6763066,
9/15/2017,8:30,LH3 East,LMB,85,6763089,
9/15/2017,8:30,LH3 East,LMB,78,no tag,
9/15/2017,8:30,LH3 East,LMB,73,no tag,
9/15/2017,8:30,LH3 East,LMB,72,no tag,
9/15/2017,8:30,LH3 East,LMB,66,no tag,
9/15/2017,8:30,LH3 East,LMB,73,no tag,
9/15/2017,8:30,LH3 East,LMB,64,no tag,
9/15/2017,8:30,LH3 East,LMB,59,no tag,
9/15/2017,8:30,LH3 East,LMB,64,no tag,
9/15/2017,8:30,LH3 East,LMB,58,no tag,
9/15/2017,8:30,LH3 East,LMB,79,no tag,
9/15/2017,8:30,LH3 East,LMB,103,6763094,
9/15/2017,8:30,LH3 East,LMB,105,6763033,
9/15/2017,8:30,LH3 East,LMB,80,6763030,
9/15/2017,8:30,LH3 East,LMB,86,6763032,
9/15/2017,8:30,LH3 East,LMB,81,6763073,
9/15/2017,8:30,LH3 East,LMB,188,6763031,
9/15/2017,8:30,LH3 East,LMB,101,6763054,
9/15/2017,8:30,LH3 East,LMB,86,6763099,
9/15/2017,8:30,LH3 East,LMB,89,6763096,
9/15/2017,8:30,LH3 East,LMB,98,6763080,
9/15/2017,8:30,LH3 East,LMB,84,6763012,
9/15/2017,8:30,LH3 East,LMB,91,6763027,
9/15/2017,8:30,LH3 East,LMB,86,6763005,
9/15/2017,8:30,LH3 East,LMB,83,6763045,
9/15/2017,8:30,LH3 East,LMB,85,6763014,
9/15/2017,8:30,LH3 East,LMB,106,6763075,
9/15/2017,8:30,LH3 East,LMB,89,6763102,
9/15/2017,8:30,LH3 East,LMB,82,6763093,
9/15/2017,8:30,LH3 East,LMB,84,6763016,
9/15/2017,8:30,LH3 East,LMB,107,6763116,
9/15/2017,8:30,LH3 East,LMB,251,6763179,
9/15/2017,8:30,LH3 East,LMB,290,6763189,
9/15/2017,8:30,LH3 East,LMB,283,6762150,
9/15/2017,8:30,LH3 East,LMB,64,no tag,
9/15/2017,8:30,LH3 East,LMB,70,no tag,
9/15/2017,8:30,LH3 East,LMB,55,no tag,
9/14/2017,14:05,FI2 East,LP,80,no tag,
9/13/2017,9:23,LH1 West,LP,110,no tag,
9/15/2017,8:30,LH3 East,LP,105,no tag,
9/14/2017,8:10,FI1 West,MSS,77,no tag,
9/14/2017,8:10,FI1 West,MSS,68,no tag,
9/14/2017,8:10,FI1 West,MSS,79,no tag,
9/14/2017,8:10,FI1 West,MSS,83,no tag,
9/14/2017,8:10,FI1 West,MSS,73,no tag,
9/14/2017,8:10,FI1 West,MSS,82,no tag,
9/14/2017,8:10,FI1 West,MSS,79,no tag,
9/14/2017,8:10,FI1 West,MSS,73,no tag,
9/14/2017,8:10,FI1 West,MSS,70,no tag,
9/14/2017,8:10,FI1 West,MSS,48,no tag,
9/14/2017,8:10,FI1 West,MSS,50,no tag,
9/14/2017,8:10,FI1 West,MSS,49,no tag,
9/14/2017,8:10,FI1 West,MSS,67,no tag,
9/14/2017,8:10,FI1 West,MSS,47,no tag,
9/14/2017,8:10,FI1 West,MSS,63,no tag,
9/14/2017,8:10,FI1 West,MSS,52,no tag,
9/14/2017,8:10,FI1 West,MSS,69,no tag,
9/14/2017,8:10,FI1 West,MSS,73,no tag,
9/14/2017,8:10,FI1 West,MSS,62,no tag,
9/14/2017,8:10,FI1 West,MSS,70,no tag,
9/14/2017,8:10,FI1 West,MSS,77,no tag,
9/14/2017,8:10,FI1 West,MSS,50,no tag,
9/13/2017,9:23,LH1 West,MSS,72,no tag,
9/13/2017,9:23,LH1 West,MSS,69,no tag,
9/13/2017,9:23,LH1 West,MSS,60,no tag,
9/13/2017,9:23,LH1 West,MSS,72,no tag,
9/13/2017,9:23,LH1 West,MSS,63,no tag,
9/13/2017,9:23,LH1 West,MSS,67,no tag,
9/13/2017,9:23,LH1 West,MSS,60,no tag,
9/13/2017,9:23,LH1 West,MSS,73,no tag,
9/13/2017,9:23,LH1 West,MSS,70,no tag,
9/13/2017,9:23,LH1 West,MSS,46,no tag,
9/13/2017,9:23,LH1 West,MSS,71,no tag,
9/15/2017,8:30,LH3 East,MSS,64,no tag,374 plus count
9/15/2017,8:30,LH3 East,MSS,62,no tag,
9/15/2017,8:30,LH3 East,MSS,57,no tag,
9/15/2017,8:30,LH3 East,MSS,50,no tag,
9/15/2017,8:30,LH3 East,MSS,73,no tag,
9/15/2017,8:30,LH3 East,MSS,62,no tag,
9/15/2017,8:30,LH3 East,MSS,41,no tag,
9/15/2017,8:30,LH3 East,MSS,33,no tag,
9/15/2017,8:30,LH3 East,MSS,54,no tag,
9/15/2017,8:30,LH3 East,MSS,47,no tag,
9/15/2017,8:30,LH3 East,MSS,44,no tag,
9/15/2017,8:30,LH3 East,MSS,67,no tag,
9/15/2017,8:30,LH3 East,MSS,59,no tag,
9/15/2017,8:30,LH3 East,MSS,63,no tag,
9/15/2017,8:30,LH3 East,MSS,62,no tag,
9/15/2017,8:30,LH3 East,MSS,63,no tag,
9/15/2017,8:30,LH3 East,MSS,38,no tag,
9/15/2017,8:30,LH3 East,MSS,64,no tag,
9/15/2017,8:30,LH3 East,MSS,57,no tag,
9/15/2017,8:30,LH3 East,MSS,67,no tag,
9/15/2017,8:30,LH3 East,MSS,68,no tag,
9/15/2017,8:30,LH3 East,MSS,57,no tag,
9/15/2017,8:30,LH3 East,MSS,43,no tag,
9/15/2017,8:30,LH3 East,MSS,33,no tag,
9/15/2017,8:30,LH3 East,MSS,62,no tag,
9/15/2017,8:30,LH3 East,MSS,78,no tag,
9/15/2017,8:30,LH3 East,MSS,66,no tag,
9/15/2017,8:30,LH3 East,MSS,72,no tag,
9/15/2017,8:30,LH3 East,MSS,70,no tag,
9/15/2017,8:30,LH3 East,MSS,49,no tag,
9/15/2017,8:30,LH3 East,MSS,62,no tag,
9/15/2017,8:30,LH3 East,MSS,57,no tag,
9/15/2017,8:30,LH3 East,MSS,57,no tag,
9/15/2017,8:30,LH3 East,MSS,51,no tag,
9/15/2017,8:30,LH3 East,MSS,60,no tag,
9/15/2017,8:30,LH3 East,MSS,63,no tag,
9/15/2017,8:30,LH3 East,MSS,40,no tag,
9/15/2017,8:30,LH3 East,MSS,77,no tag,
9/15/2017,8:30,LH3 East,MSS,78,no tag,
9/15/2017,8:30,LH3 East,MSS,68,no tag,
9/15/2017,8:30,LH3 East,MSS,65,no tag,
9/15/2017,8:30,LH3 East,MSS,64,no tag,
9/15/2017,8:30,LH3 East,MSS,58,no tag,
9/15/2017,8:30,LH3 East,MSS,66,no tag,
9/15/2017,8:30,LH3 East,MSS,58,no tag,
9/15/2017,8:30,LH3 East,MSS,58,no tag,
9/15/2017,8:30,LH3 East,MSS,49,no tag,
9/15/2017,8:30,LH3 East,MSS,63,no tag,
9/15/2017,8:30,LH3 East,MSS,84,no tag,
9/15/2017,8:30,LH3 East,MSS,44,no tag,
9/15/2017,8:30,LH3 East,MSS,63,no tag,
9/15/2017,8:30,LH3 East,MSS,58,no tag,
9/15/2017,8:30,LH3 East,MSS,66,no tag,
9/15/2017,8:30,LH3 East,MSS,63,no tag,
9/15/2017,8:30,LH3 East,MSS,54,no tag,
9/15/2017,8:30,LH3 East,MSS,67,no tag,
9/15/2017,8:30,LH3 East,MSS,80,no tag,
9/15/2017,8:30,LH3 East,MSS,55,no tag,
9/15/2017,8:30,LH3 East,MSS,73,no tag,
9/15/2017,8:30,LH3 East,MSS,68,no tag,
9/15/2017,8:30,LH3 East,MSS,38,no tag,
9/15/2017,8:30,LH3 East,MSS,60,no tag,
9/15/2017,8:30,LH3 East,MSS,62,no tag,
9/15/2017,8:30,LH3 East,MSS,38,no tag,
9/15/2017,8:30,LH3 East,MSS,53,no tag,
9/15/2017,8:30,LH3 East,MSS,58,no tag,
9/15/2017,8:30,LH3 East,MSS,63,no tag,
9/15/2017,8:30,LH3 East,MSS,60,no tag,
9/15/2017,8:30,LH3 East,MSS,68,no tag,
9/15/2017,8:30,LH3 East,MSS,64,no tag,
9/15/2017,8:30,LH3 East,MSS,53,no tag,
9/15/2017,8:30,LH3 East,MSS,24,no tag,
9/15/2017,8:30,LH3 East,MSS,64,no tag,
9/15/2017,8:30,LH3 East,MSS,68,no tag,
9/15/2017,8:30,LH3 East,MSS,73,no tag,
9/15/2017,8:30,LH3 East,MSS,57,no tag,
9/15/2017,8:30,LH3 East,MSS,60,no tag,
9/15/2017,8:30,LH3 East,MSS,54,no tag,
9/15/2017,8:30,LH3 East,MSS,61,no tag,
9/15/2017,8:30,LH3 East,MSS,70,no tag,
9/15/2017,8:30,LH3 East,MSS,69,no tag,
9/15/2017,8:30,LH3 East,MSS,63,no tag,
9/15/2017,8:30,LH3 East,MSS,64,no tag,
9/15/2017,8:30,LH3 East,MSS,59,no tag,
9/15/2017,8:30,LH3 East,MSS,62,no tag,
9/15/2017,8:30,LH3 East,MSS,78,no tag,
9/15/2017,8:30,LH3 East,MSS,69,no tag,
9/15/2017,8:30,LH3 East,MSS,63,no tag,
9/15/2017,8:30,LH3 East,MSS,67,no tag,
9/15/2017,8:30,LH3 East,MSS,51,no tag,
9/15/2017,8:30,LH3 East,MSS,65,no tag,
9/15/2017,8:30,LH3 East,MSS,65,no tag,
9/15/2017,8:30,LH3 East,MSS,73,no tag,
9/15/2017,8:30,LH3 East,MSS,47,no tag,
9/15/2017,8:30,LH3 East,MSS,68,no tag,
9/15/2017,8:30,LH3 East,MSS,66,no tag,
9/15/2017,8:30,LH3 East,MSS,80,no tag,
9/15/2017,8:30,LH3 East,MSS,44,no tag,
9/15/2017,8:30,LH3 East,MSS,53,no tag,
9/15/2017,8:30,LH3 East,MSS,43,no tag,
9/14/2017,8:10,FI1 West,PRS,97,no tag,
9/14/2017,8:10,FI1 West,PRS,88,no tag,
9/15/2017,8:30,LH3 East,PRS,87,no tag,
9/14/2017,8:10,FI1 West,RES,91,no tag,
9/14/2017,8:10,FI1 West,RES,57,no tag,
9/14/2017,8:10,FI1 West,RES,43,no tag,
9/14/2017,8:10,FI1 West,RES,52,no tag,
9/14/2017,8:10,FI1 West,RES,42,no tag,
9/14/2017,8:10,FI1 West,RES,52,no tag,
9/14/2017,8:10,FI1 West,RES,83,no tag,
9/14/2017,8:10,FI1 West,RES,84,no tag,
9/14/2017,8:10,FI1 West,RES,50,no tag,
9/14/2017,8:10,FI1 West,RES,41,no tag,
9/14/2017,8:10,FI1 West,RES,36,no tag,
9/14/2017,8:10,FI1 West,RES,44,no tag,
9/14/2017,8:10,FI1 West,RES,42,no tag,
9/14/2017,8:10,FI1 West,RES,150,6586138,
9/14/2017,8:10,FI1 West,RES,175,6586131,
9/14/2017,8:10,FI1 West,RES,143,6586099,
9/14/2017,8:10,FI1 West,RES,202,6586110,
9/14/2017,8:10,FI1 West,RES,199,6586155,
9/14/2017,8:10,FI1 West,RES,156,6586081,
9/14/2017,8:10,FI1 West,RES,128,6586127,
9/14/2017,8:10,FI1 West,RES,173,6586161,
9/14/2017,8:10,FI1 West,RES,143,6586139,
9/14/2017,8:10,FI1 West,RES,109,6586144,
9/14/2017,8:10,FI1 West,RES,211,6586152,
9/14/2017,8:10,FI1 West,RES,148,6586075,
9/14/2017,8:10,FI1 West,RES,172,6586074,
9/14/2017,8:10,FI1 West,RES,143,6586123,
9/14/2017,8:10,FI1 West,RES,191,6586128,
9/14/2017,8:10,FI1 West,RES,135,6762885,
9/14/2017,8:10,FI1 West,RES,157,6762849,
9/14/2017,8:10,FI1 West,RES,148,6762807,
9/14/2017,8:10,FI1 West,RES,147,6762824,
9/14/2017,8:10,FI1 West,RES,128,6762844,
9/14/2017,8:10,FI1 West,RES,91,6762839,
9/14/2017,8:10,FI1 West,RES,137,67762881,
9/14/2017,8:10,FI1 West,RES,165,6762853,
9/14/2017,8:10,FI1 West,RES,139,6762840,
9/14/2017,8:10,FI1 West,RES,140,6762862,
9/14/2017,8:10,FI1 West,RES,141,6762822,
9/14/2017,8:10,FI1 West,RES,169,6762860,
9/14/2017,8:10,FI1 West,RES,107,6762856,
9/14/2017,8:10,FI1 West,RES,82,6586211,
9/14/2017,14:05,FI2 East,RES,96,6586199,
9/14/2017,14:05,FI2 East,RES,156,6586176,
9/14/2017,14:05,FI2 East,RES,175,6586247,
9/14/2017,14:05,FI2 East,RES,149,6586240,
9/14/2017,14:05,FI2 East,RES,176,6586191,
9/14/2017,14:05,FI2 East,RES,80,6586239,
9/14/2017,14:05,FI2 East,RES,114,6586238,
9/14/2017,14:05,FI2 East,RES,176,6586212,
9/14/2017,14:05,FI2 East,RES,155,6586261,
9/14/2017,14:05,FI2 East,RES,129,6586246,
9/14/2017,14:05,FI2 East,RES,101,6586223,
9/14/2017,14:05,FI2 East,RES,140,6586203,
9/14/2017,14:05,FI2 East,RES,157,6586166,
9/14/2017,14:05,FI2 East,RES,111,6586178,
9/14/2017,14:05,FI2 East,RES,90,6586214,
9/14/2017,14:05,FI2 East,RES,112,6586209,
9/14/2017,14:05,FI2 East,RES,115,6762907,
9/14/2017,14:05,FI2 East,RES,102,6762965,
9/14/2017,14:05,FI2 East,RES,116,6762991,
9/14/2017,14:05,FI2 East,RES,151,6762978,
9/14/2017,14:05,FI2 East,RES,42,no tag,
9/14/2017,14:05,FI2 East,RES,77,no tag,
9/14/2017,14:05,FI2 East,RES,68,no tag,
9/14/2017,14:05,FI2 East,RES,65,no tag,
9/14/2017,14:05,FI2 East,RES,92,no tag,
9/14/2017,14:05,FI2 East,RES,70,no tag,
9/14/2017,14:05,FI2 East,RES,63,no tag,
9/14/2017,14:05,FI2 East,RES,77,no tag,
9/14/2017,14:05,FI2 East,RES,92,no tag,
9/14/2017,14:05,FI2 East,RES,77,no tag,
9/14/2017,14:05,FI2 East,RES,72,no tag,
9/14/2017,14:05,FI2 East,RES,71,no tag,
9/14/2017,14:05,FI2 East,RES,72,no tag,
9/14/2017,14:05,FI2 East,RES,52,no tag,
9/14/2017,14:05,FI2 East,RES,68,no tag,
9/14/2017,14:05,FI2 East,RES,76,no tag,
9/14/2017,14:05,FI2 East,RES,65,no tag,
9/14/2017,14:05,FI2 East,RES,92,no tag,
9/14/2017,14:05,FI2 East,RES,80,no tag,
9/14/2017,14:05,FI2 East,RES,71,no tag,
9/14/2017,14:05,FI2 East,RES,83,no tag,
9/14/2017,14:05,FI2 East,RES,74,no tag,
9/14/2017,14:05,FI2 East,RES,83,no tag,
9/14/2017,14:05,FI2 East,RES,62,no tag,
9/14/2017,14:05,FI2 East,RES,77,no tag,
9/14/2017,14:05,FI2 East,RES,72,no tag,
9/14/2017,14:05,FI2 East,RES,65,no tag,
9/14/2017,14:05,FI2 East,RES,75,no tag,
9/14/2017,14:05,FI2 East,RES,65,no tag,
9/14/2017,14:05,FI2 East,RES,72,no tag,
9/14/2017,14:05,FI2 East,RES,68,no tag,
9/14/2017,14:05,FI2 East,RES,75,no tag,
9/14/2017,14:05,FI2 East,RES,77,no tag,
9/14/2017,14:05,FI2 East,RES,77,no tag,
9/14/2017,14:05,FI2 East,RES,79,no tag,
9/14/2017,14:05,FI2 East,RES,87,6762943,
9/14/2017,14:05,FI2 East,RES,91,6762995,
9/14/2017,14:05,FI2 East,RES,81,6762905,
9/14/2017,14:05,FI2 East,RES,90,6762938,
9/14/2017,14:05,FI2 East,RES,91,6762935,
9/14/2017,14:05,FI2 East,RES,93,6762944,
9/14/2017,14:05,FI2 East,RES,91,6762956,
9/14/2017,14:05,FI2 East,RES,83,6762932,
9/14/2017,14:05,FI2 East,RES,103,6762925,
9/14/2017,14:05,FI2 East,RES,115,6762987,
9/14/2017,14:05,FI2 East,RES,128,6762997,
9/14/2017,14:05,FI2 East,RES,102,6762910,
9/14/2017,14:05,FI2 East,RES,86,6762929,
9/14/2017,14:05,FI2 East,RES,95,6763002,
9/14/2017,14:05,FI2 East,RES,99,6762954,
9/14/2017,14:05,FI2 East,RES,92,6762990,
9/14/2017,14:05,FI2 East,RES,93,6762963,
9/14/2017,14:05,FI2 East,RES,83,6762998,
9/13/2017,9:23,LH1 West,RES,47,no tag,
9/13/2017,9:23,LH1 West,RES,89,no tag,
9/13/2017,9:23,LH1 West,RES,79,no tag,
9/13/2017,9:23,LH1 West,RES,97,6585973,
9/13/2017,9:23,LH1 West,RES,155,6585967,
9/13/2017,9:23,LH1 West,RES,133,6586032,
9/13/2017,9:23,LH1 West,RES,211,6586031,
9/13/2017,9:23,LH1 West,RES,108,6586033,
9/13/2017,9:23,LH1 West,RES,171,6586061,
9/13/2017,9:23,LH1 West,RES,99,6586034,
9/13/2017,9:23,LH1 West,RES,190,6585965,
9/13/2017,9:23,LH1 West,RES,220,6586053,
9/13/2017,9:23,LH1 West,RES,185,6586044,
9/13/2017,9:23,LH1 West,RES,213,6586019,
9/13/2017,9:23,LH1 West,RES,166,6586048,
9/13/2017,9:23,LH1 West,RES,110,6586049,
9/13/2017,9:23,LH1 West,RES,109,6586055,
9/13/2017,9:23,LH1 West,RES,179,6586039,
9/13/2017,9:23,LH1 West,RES,111,6585932,
9/13/2017,9:23,LH1 West,RES,125,6585914,
9/13/2017,13:48,LH2 North,RES,148,6585931,
9/13/2017,13:48,LH2 North,RES,156,6585950,
9/13/2017,13:48,LH2 North,RES,111,6582878,
9/13/2017,13:48,LH2 North,RES,136,6762855,
9/13/2017,13:48,LH2 North,RES,173,6762895,
9/13/2017,13:48,LH2 North,RES,93,6585870,
9/13/2017,13:48,LH2 North,RES,126,6585941,
9/13/2017,13:48,LH2 North,RES,99,6585909,
9/13/2017,13:48,LH2 North,RES,135,6585962,
9/13/2017,13:48,LH2 North,RES,178,6585868,
9/13/2017,13:48,LH2 North,RES,104,6585880,
9/13/2017,13:48,LH2 North,RES,98,6585887,
9/13/2017,13:48,LH2 North,RES,92,6585910,
9/13/2017,13:48,LH2 North,RES,166,6585938,
9/13/2017,13:48,LH2 North,RES,177,6585812,
9/15/2017,8:30,LH3 East,RES,176,no tag,
9/15/2017,8:30,LH3 East,RES,53,no tag,
9/15/2017,8:30,LH3 East,RES,78,no tag,
9/15/2017,8:30,LH3 East,RES,48,no tag,
9/15/2017,8:30,LH3 East,RES,58,no tag,
9/15/2017,8:30,LH3 East,RES,45,no tag,
9/15/2017,8:30,LH3 East,RES,44,no tag,
9/15/2017,8:30,LH3 East,RES,37,no tag,
9/15/2017,8:30,LH3 East,RES,47,no tag,
9/15/2017,8:30,LH3 East,RES,113,6763101,
9/15/2017,8:30,LH3 East,RES,173,6763061,
9/15/2017,8:30,LH3 East,RES,164,6763095,
9/15/2017,8:30,LH3 East,RES,218,6763022,
9/15/2017,8:30,LH3 East,RES,183,6763060,
9/15/2017,8:30,LH3 East,RES,202,6763058,
9/15/2017,8:30,LH3 East,RES,188,6763017,
9/15/2017,8:30,LH3 East,RES,117,6763056,
9/15/2017,8:30,LH3 East,RES,111,6763047,
9/15/2017,8:30,LH3 East,RES,136,6763011,
9/15/2017,8:30,LH3 East,RES,124,6763041,
9/15/2017,8:30,LH3 East,RES,107,6763021,
9/15/2017,8:30,LH3 East,RES,112,6763048,
9/15/2017,8:30,LH3 East,RES,118,6763069,
9/15/2017,8:30,LH3 East,RES,100,6763088,
9/15/2017,8:30,LH3 East,RES,93,6763024,
9/15/2017,8:30,LH3 East,RES,189,6763004,
9/15/2017,8:30,LH3 East,RES,107,6763057,
9/15/2017,8:30,LH3 East,RES,127,6763044,
9/15/2017,8:30,LH3 East,RES,95,6763083,
9/15/2017,8:30,LH3 East,RES,99,6763064,
9/15/2017,8:30,LH3 East,RES,94,6763081,
9/15/2017,8:30,LH3 East,RES,102,6763078,
9/15/2017,8:30,LH3 East,RES,165,6763018,
9/15/2017,8:30,LH3 East,RES,90,6763013,
9/15/2017,8:30,LH3 East,RES,93,6763026,
9/15/2017,8:30,LH3 East,RES,86,6763087,
9/14/2017,8:10,FI1 West,SAPM,250,6586120,
9/14/2017,14:05,FI2 East,SAPM,175,6586245,
9/14/2017,14:05,FI2 East,SAPM,188,6762930,
9/13/2017,9:23,LH1 West,SAPM,190,6586022,
9/13/2017,13:48,LH2 North,SAPM,227,no tag,
9/13/2017,13:48,LH2 North,SAPM,202,6762880,
9/13/2017,13:48,LH2 North,SAPM,215,6762826,
9/13/2017,13:48,LH2 North,SAPM,187,6762854,
9/14/2017,8:10,FI1 West,SASU,411,no tag,
9/14/2017,8:10,FI1 West,SASU,443,no tag,
9/14/2017,8:10,FI1 West,SASU,451,6586153,
9/14/2017,8:10,FI1 West,SASU,495,no tag,
9/14/2017,8:10,FI1 West,SASU,402,6586125,
9/14/2017,8:10,FI1 West,SASU,436,6586162,
9/14/2017,8:10,FI1 West,SASU,465,6586090,
9/14/2017,8:10,FI1 West,SASU,425,6586082,
9/14/2017,8:10,FI1 West,SASU,489,6586135,
9/14/2017,8:10,FI1 West,SASU,272,6586089,
9/14/2017,8:10,FI1 West,SASU,466,6586095,
9/14/2017,8:10,FI1 West,SASU,482,6586115,
9/14/2017,8:10,FI1 West,SASU,488,6586076,
9/14/2017,8:10,FI1 West,SASU,400,6586156,
9/14/2017,8:10,FI1 West,SASU,268,6586151,
9/14/2017,8:10,FI1 West,SASU,515,6586107,
9/14/2017,8:10,FI1 West,SASU,407,6586064,
9/14/2017,14:05,FI2 East,SASU,472,6586256,
9/14/2017,14:05,FI2 East,SASU,520,6762917,
9/13/2017,13:48,LH2 North,SASU,283,6585952,
9/14/2017,8:10,FI1 West,SCB,477,6586101,
9/14/2017,8:10,FI1 West,SHM,60,no tag,
9/14/2017,8:10,FI1 West,STB,652,no tag,
9/14/2017,8:10,FI1 West,TFS,73,no tag,
9/14/2017,8:10,FI1 West,TFS,66,no tag,
9/14/2017,8:10,FI1 West,TFS,71,no tag,
9/13/2017,9:23,LH1 West,TFS,61,no tag,
9/13/2017,9:23,LH1 West,TFS,72,no tag,
9/13/2017,9:23,LH1 West,TFS,62,no tag,
9/13/2017,9:23,LH1 West,TFS,62,no tag,
9/13/2017,9:23,LH1 West,TFS,69,no tag,
9/13/2017,9:23,LH1 West,TFS,53,no tag,
9/13/2017,9:23,LH1 West,TFS,63,no tag,
9/13/2017,9:23,LH1 West,TFS,60,no tag,
9/13/2017,9:23,LH1 West,TFS,60,no tag,
9/13/2017,9:23,LH1 West,TFS,60,no tag,
9/13/2017,9:23,LH1 West,TFS,67,no tag,
9/13/2017,9:23,LH1 West,TFS,69,no tag,
9/13/2017,13:48,LH2 North,TFS,56,no tag,
9/13/2017,13:48,LH2 North,TFS,52,no tag,
9/13/2017,13:48,LH2 North,TFS,56,no tag,
9/15/2017,8:30,LH3 East,TFS,53,no tag,
9/15/2017,8:30,LH3 East,TFS,58,no tag,
9/15/2017,8:30,LH3 East,TFS,53,no tag,
9/15/2017,8:30,LH3 East,TFS,57,no tag,
9/15/2017,8:30,LH3 East,TFS,50,no tag,
9/15/2017,8:30,LH3 East,TFS,49,no tag,
9/15/2017,8:30,LH3 East,TFS,57,no tag,
9/15/2017,8:30,LH3 East,TFS,57,no tag,
9/15/2017,8:30,LH3 East,TFS,62,no tag,
9/15/2017,8:30,LH3 East,TFS,54,no tag,
9/15/2017,8:30,LH3 East,TFS,64,no tag,
9/15/2017,8:30,LH3 East,TFS,59,no tag,
9/15/2017,8:30,LH3 East,TFS,48,no tag,
9/15/2017,8:30,LH3 East,TFS,52,no tag,
9/15/2017,8:30,LH3 East,TFS,55,no tag,
9/14/2017,8:10,FI1 West,TP,117,6586146,
9/14/2017,8:10,FI1 West,TP,119,6586130,
9/14/2017,8:10,FI1 West,TP,126,6586116,
9/14/2017,8:10,FI1 West,TP,123,6586102,
9/14/2017,14:05,FI2 East,TP,118,6586196,
9/14/2017,14:05,FI2 East,TP,120,6762999,
9/14/2017,14:05,FI2 East,TP,128,6762996,
9/14/2017,14:05,FI2 East,TP,121,6762994,
9/14/2017,14:05,FI2 East,W,120,6762959,
9/13/2017,13:48,LH2 North,W,106,6762883,
9/13/2017,13:48,LH2 North,W,124,6585924,
9/14/2017,14:05,FI2 East,WHS,63,no tag,
9/14/2017,14:05,FI2 East,WHS,70,no tag,
9/14/2017,14:05,FI2 East,WHS,71,no tag,
